song_id,date,rank
0,2000-02-26,87
0,2000-03-04,82
0,2000-03-11,72
0,2000-03-18,77
0,2000-03-25,87
0,2000-04-01,94
0,2000-04-08,99
1,2000-09-02,91
1,2000-09-09,87
1,2000-09-16,92
2,2000-04-08,81
2,2000-04-15,70
2,2000-04-22,68
2,2000-04-29,67
2,2000-05-06,66
2,2000-05-13,57
2,2000-05-20,54
2,2000-05-27,53
2,2000-06-03,51
2,2000-06-10,51
2,2000-06-17,51
2,2000-06-24,51
2,2000-07-01,47
2,2000-07-08,44
2,2000-07-15,38
2,2000-07-22,28
2,2000-07-29,22
2,2000-08-05,18
2,2000-08-12,18
2,2000-08-19,14
2,2000-08-26,12
2,2000-09-02,7
2,2000-09-09,6
2,2000-09-16,6
2,2000-09-23,6
2,2000-09-30,5
2,2000-10-07,5
2,2000-10-14,4
2,2000-10-21,4
2,2000-10-28,4
2,2000-11-04,4
2,2000-11-11,3
2,2000-11-18,3
2,2000-11-25,3
2,2000-12-02,4
2,2000-12-09,5
2,2000-12-16,5
2,2000-12-23,9
2,2000-12-30,9
2,2001-01-06,15
2,2001-01-13,14
2,2001-01-20,13
2,2001-01-27,14
2,2001-02-03,16
2,2001-02-10,17
2,2001-02-17,21
2,2001-02-24,22
2,2001-03-03,24
2,2001-03-10,28
2,2001-03-17,33
2,2001-03-24,42
2,2001-03-31,42
2,2001-04-07,49
3,2000-10-21,76
3,2000-10-28,76
3,2000-11-04,72
3,2000-11-11,69
3,2000-11-18,67
3,2000-11-25,65
3,2000-12-02,55
3,2000-12-09,59
3,2000-12-16,62
3,2000-12-23,61
3,2000-12-30,61
3,2001-01-06,59
3,2001-01-13,61
3,2001-01-20,66
3,2001-01-27,72
3,2001-02-03,76
3,2001-02-10,75
3,2001-02-17,67
3,2001-02-24,73
3,2001-03-03,70
4,2000-04-15,57
4,2000-04-22,34
4,2000-04-29,25
4,2000-05-06,17
4,2000-05-13,17
4,2000-05-20,31
4,2000-05-27,36
4,2000-06-03,49
4,2000-06-10,53
4,2000-06-17,57
4,2000-06-24,64
4,2000-07-01,70
4,2000-07-08,75
4,2000-07-15,76
4,2000-07-22,78
4,2000-07-29,85
4,2000-08-05,92
4,2000-08-12,96
5,2000-08-19,51
5,2000-08-26,39
5,2000-09-02,34
5,2000-09-09,26
5,2000-09-16,26
5,2000-09-23,19
5,2000-09-30,2
5,2000-10-07,2
5,2000-10-14,3
5,2000-10-21,6
5,2000-10-28,7
5,2000-11-04,22
5,2000-11-11,29
5,2000-11-18,36
5,2000-11-25,47
5,2000-12-02,67
5,2000-12-09,66
5,2000-12-16,84
5,2000-12-23,93
5,2000-12-30,94
6,2000-07-08,97
6,2000-07-15,97
6,2000-07-22,96
6,2000-07-29,95
6,2000-08-05,100
7,2000-01-29,84
7,2000-02-05,62
7,2000-02-12,51
7,2000-02-19,41
7,2000-02-26,38
7,2000-03-04,35
7,2000-03-11,35
7,2000-03-18,38
7,2000-03-25,38
7,2000-04-01,36
7,2000-04-08,37
7,2000-04-15,37
7,2000-04-22,38
7,2000-04-29,49
7,2000-05-06,61
7,2000-05-13,63
7,2000-05-20,62
7,2000-05-27,67
7,2000-06-03,83
7,2000-06-10,86
8,2000-03-18,59
8,2000-03-25,53
8,2000-04-01,38
8,2000-04-08,28
8,2000-04-15,21
8,2000-04-22,18
8,2000-04-29,16
8,2000-05-06,14
8,2000-05-13,12
8,2000-05-20,10
8,2000-05-27,9
8,2000-06-03,8
8,2000-06-10,6
8,2000-06-17,1
8,2000-06-24,2
8,2000-07-01,2
8,2000-07-08,2
8,2000-07-15,2
8,2000-07-22,3
8,2000-07-29,4
8,2000-08-05,5
8,2000-08-12,5
8,2000-08-19,6
8,2000-08-26,9
8,2000-09-02,13
8,2000-09-09,14
8,2000-09-16,16
8,2000-09-23,23
8,2000-09-30,22
8,2000-10-07,33
8,2000-10-14,36
8,2000-10-21,43
9,2000-08-26,76
9,2000-09-02,76
9,2000-09-09,74
9,2000-09-16,69
9,2000-09-23,68
9,2000-09-30,67
9,2000-10-07,61
9,2000-10-14,58
9,2000-10-21,57
9,2000-10-28,59
9,2000-11-04,66
9,2000-11-11,68
9,2000-11-18,61
9,2000-11-25,67
9,2000-12-02,59
9,2000-12-09,63
9,2000-12-16,67
9,2000-12-23,71
9,2000-12-30,79
9,2001-01-06,89
10,2000-04-29,84
10,2000-05-06,84
10,2000-05-13,75
10,2000-05-20,73
10,2000-05-27,73
10,2000-06-03,69
10,2000-06-10,68
10,2000-06-17,65
10,2000-06-24,73
10,2000-07-01,83
10,2000-07-08,92
11,2000-08-05,57
11,2000-08-12,47
11,2000-08-19,45
11,2000-08-26,29
11,2000-09-02,23
11,2000-09-09,18
11,2000-09-16,11
11,2000-09-23,9
11,2000-09-30,9
11,2000-10-07,11
11,2000-10-14,1
11,2000-10-21,1
11,2000-10-28,1
11,2000-11-04,1
11,2000-11-11,4
11,2000-11-18,8
11,2000-11-25,12
11,2000-12-02,22
11,2000-12-09,23
11,2000-12-16,43
11,2000-12-23,44
12,2000-04-15,50
12,2000-04-22,39
12,2000-04-29,30
12,2000-05-06,28
12,2000-05-13,21
12,2000-05-20,19
12,2000-05-27,20
12,2000-06-03,17
12,2000-06-10,17
12,2000-06-17,17
12,2000-06-24,17
12,2000-07-01,3
12,2000-07-08,3
12,2000-07-15,7
12,2000-07-22,10
12,2000-07-29,17
12,2000-08-05,25
12,2000-08-12,29
12,2000-08-19,29
12,2000-08-26,40
12,2000-09-02,43
12,2000-09-09,50
13,1999-11-27,71
13,1999-12-04,51
13,1999-12-11,28
13,1999-12-18,18
13,1999-12-25,13
13,2000-01-01,13
13,2000-01-08,11
13,2000-01-15,1
13,2000-01-22,1
13,2000-01-29,2
13,2000-02-05,2
13,2000-02-12,3
13,2000-02-19,3
13,2000-02-26,4
13,2000-03-04,12
13,2000-03-11,11
13,2000-03-18,13
13,2000-03-25,15
13,2000-04-01,18
13,2000-04-08,20
13,2000-04-15,30
13,2000-04-22,40
13,2000-04-29,39
13,2000-05-06,44
14,2000-04-08,79
14,2000-04-15,65
14,2000-04-22,53
14,2000-04-29,48
14,2000-05-06,45
14,2000-05-13,36
14,2000-05-20,34
14,2000-05-27,29
14,2000-06-03,27
14,2000-06-10,30
14,2000-06-17,36
14,2000-06-24,37
14,2000-07-01,39
14,2000-07-08,49
14,2000-07-15,57
14,2000-07-22,63
14,2000-07-29,65
14,2000-08-05,68
14,2000-08-12,79
14,2000-08-19,86
15,2000-01-22,80
15,2000-01-29,78
15,2000-02-05,76
15,2000-02-12,77
15,2000-02-19,92
16,1999-07-17,99
16,1999-07-24,99
16,1999-07-31,96
16,1999-08-07,96
16,1999-08-14,100
16,1999-08-21,93
16,1999-08-28,93
16,1999-09-04,96
16,1999-09-25,99
16,1999-10-09,96
16,1999-10-16,96
16,1999-10-23,99
16,1999-10-30,98
16,1999-11-06,98
16,1999-11-20,95
16,1999-11-27,88
16,1999-12-04,88
16,1999-12-11,79
16,1999-12-18,76
16,1999-12-25,69
16,2000-01-01,69
16,2000-01-08,59
16,2000-01-15,58
16,2000-01-22,58
16,2000-01-29,49
16,2000-02-05,44
16,2000-02-12,42
16,2000-02-19,46
16,2000-02-26,50
17,2000-04-01,92
17,2000-04-22,95
17,2000-06-17,97
18,2000-09-16,82
18,2000-09-23,76
18,2000-09-30,76
18,2000-10-07,70
18,2000-10-14,82
18,2000-10-21,81
18,2000-10-28,74
18,2000-11-04,80
18,2000-11-11,76
18,2000-11-18,76
18,2000-11-25,73
18,2000-12-02,74
18,2000-12-09,87
18,2000-12-16,83
18,2000-12-23,89
18,2000-12-30,93
18,2001-01-06,94
18,2001-01-13,94
18,2001-01-20,91
18,2001-01-27,90
19,2000-02-26,77
19,2000-03-04,54
19,2000-03-11,50
19,2000-03-18,43
19,2000-03-25,30
19,2000-04-01,27
19,2000-04-08,21
19,2000-04-15,18
19,2000-04-22,15
19,2000-04-29,13
19,2000-05-06,13
19,2000-05-13,13
19,2000-05-20,13
19,2000-05-27,5
19,2000-06-03,2
19,2000-06-10,2
19,2000-06-17,5
19,2000-06-24,7
19,2000-07-01,9
19,2000-07-08,12
19,2000-07-15,12
19,2000-07-22,16
19,2000-07-29,20
19,2000-08-05,20
19,2000-08-12,22
19,2000-08-19,25
19,2000-08-26,26
19,2000-09-02,29
19,2000-09-09,35
19,2000-09-16,33
19,2000-09-23,40
19,2000-09-30,44
20,2000-11-04,70
20,2000-11-11,62
20,2000-11-18,56
20,2000-11-25,43
20,2000-12-02,39
20,2000-12-09,33
20,2000-12-16,26
20,2000-12-23,26
20,2000-12-30,26
20,2001-01-06,31
20,2001-01-13,32
20,2001-01-20,31
20,2001-01-27,38
20,2001-02-03,38
20,2001-02-10,52
20,2001-02-17,57
20,2001-02-24,64
20,2001-03-03,73
20,2001-03-10,81
20,2001-03-17,79
21,2000-04-29,62
21,2000-05-06,32
21,2000-05-13,30
21,2000-05-20,23
21,2000-05-27,26
21,2000-06-03,30
21,2000-06-10,35
21,2000-06-17,32
21,2000-06-24,32
21,2000-07-01,25
21,2000-07-08,23
21,2000-07-15,28
21,2000-07-22,27
21,2000-07-29,29
21,2000-08-05,27
21,2000-08-12,31
21,2000-08-19,31
21,2000-08-26,33
21,2000-09-02,40
21,2000-09-09,51
22,2000-04-29,99
22,2000-05-06,86
22,2000-05-13,60
22,2000-05-20,52
22,2000-05-27,38
22,2000-06-03,34
22,2000-06-10,28
22,2000-06-17,21
22,2000-06-24,18
22,2000-07-01,18
22,2000-07-08,19
22,2000-07-15,15
22,2000-07-22,18
22,2000-07-29,13
22,2000-08-05,16
22,2000-08-12,15
22,2000-08-19,16
22,2000-08-26,16
22,2000-09-02,17
22,2000-09-09,15
22,2000-09-16,18
22,2000-09-23,17
22,2000-09-30,16
22,2000-10-07,22
22,2000-10-14,24
22,2000-10-21,30
22,2000-10-28,36
22,2000-11-04,37
22,2000-11-11,42
22,2000-11-18,45
22,2000-11-25,49
23,2000-10-14,39
23,2000-10-21,25
23,2000-10-28,24
23,2000-11-04,15
23,2000-11-11,12
23,2000-11-18,12
23,2000-11-25,10
23,2000-12-02,9
23,2000-12-09,10
23,2000-12-16,12
23,2000-12-23,17
23,2000-12-30,19
23,2001-01-06,29
23,2001-01-13,26
23,2001-01-20,24
23,2001-01-27,31
23,2001-02-03,52
23,2001-02-10,63
23,2001-02-17,62
23,2001-02-24,70
24,2000-01-01,74
24,2000-01-08,62
24,2000-01-15,55
24,2000-01-22,25
24,2000-01-29,16
24,2000-02-05,14
24,2000-02-12,12
24,2000-02-19,10
24,2000-02-26,12
24,2000-03-04,9
24,2000-03-11,7
24,2000-03-18,6
24,2000-03-25,6
24,2000-04-01,6
24,2000-04-08,8
24,2000-04-15,9
24,2000-04-22,13
24,2000-04-29,19
24,2000-05-06,23
24,2000-05-13,26
24,2000-05-20,32
24,2000-05-27,34
24,2000-06-03,45
24,2000-06-10,47
25,2000-05-27,58
25,2000-06-03,50
25,2000-06-10,43
25,2000-06-17,37
25,2000-06-24,31
25,2000-07-01,30
25,2000-07-08,39
25,2000-07-15,47
25,2000-07-22,55
25,2000-07-29,61
25,2000-08-05,76
25,2000-08-12,90
25,2000-08-19,93
25,2000-08-26,93
25,2000-09-02,100
26,2000-08-19,67
26,2000-08-26,53
26,2000-09-02,42
26,2000-09-09,41
26,2000-09-16,48
26,2000-09-23,42
26,2000-09-30,34
26,2000-10-07,6
26,2000-10-14,9
26,2000-10-21,9
26,2000-10-28,8
26,2000-11-04,11
26,2000-11-11,15
26,2000-11-18,21
26,2000-11-25,26
26,2000-12-02,29
26,2000-12-09,26
26,2000-12-16,38
26,2000-12-23,56
26,2000-12-30,66
27,2000-07-22,99
27,2000-07-29,92
27,2000-08-05,85
27,2000-08-12,76
27,2000-08-19,65
27,2000-08-26,54
27,2000-09-02,61
27,2000-09-09,58
27,2000-09-16,54
27,2000-09-23,54
27,2000-09-30,53
27,2000-10-07,53
27,2000-10-14,43
27,2000-10-21,40
27,2000-10-28,44
27,2000-11-04,41
27,2000-11-11,51
27,2000-11-18,65
27,2000-11-25,78
27,2000-12-02,84
28,2000-09-09,77
28,2000-09-16,76
28,2000-09-23,69
28,2000-09-30,45
28,2000-10-07,51
28,2000-10-14,37
28,2000-10-21,33
28,2000-10-28,29
28,2000-11-04,26
28,2000-11-11,25
28,2000-11-18,16
28,2000-11-25,15
28,2000-12-02,15
28,2000-12-09,19
28,2000-12-16,19
28,2000-12-23,20
28,2000-12-30,22
28,2001-01-06,20
28,2001-01-13,21
28,2001-01-20,34
28,2001-01-27,44
29,2000-10-21,72
29,2000-10-28,72
29,2000-11-04,63
29,2000-11-11,56
29,2000-11-18,62
29,2000-11-25,63
29,2000-12-02,54
29,2000-12-09,60
29,2000-12-16,69
29,2000-12-23,75
29,2000-12-30,84
29,2001-01-06,92
29,2001-01-13,85
29,2001-01-20,84
29,2001-01-27,95
30,2000-05-20,95
30,2000-05-27,87
30,2000-06-03,80
30,2000-06-10,80
30,2000-06-17,77
30,2000-06-24,87
30,2000-07-01,91
30,2000-07-08,91
30,2000-07-15,100
31,2000-01-29,75
31,2000-02-05,74
31,2000-02-12,87
32,2000-04-22,96
32,2000-04-29,87
32,2000-05-06,75
32,2000-05-13,79
32,2000-05-20,81
32,2000-05-27,81
32,2000-06-03,76
32,2000-06-10,76
32,2000-06-17,78
32,2000-06-24,84
32,2000-07-01,90
32,2000-07-08,88
32,2000-07-15,94
32,2000-07-22,98
32,2000-07-29,100
33,2000-03-04,78
33,2000-03-11,59
33,2000-03-18,53
33,2000-03-25,52
33,2000-04-01,47
33,2000-04-08,46
33,2000-04-15,43
33,2000-04-22,47
33,2000-04-29,47
33,2000-05-06,58
33,2000-05-13,54
33,2000-05-20,57
33,2000-05-27,70
33,2000-06-03,85
33,2000-06-10,84
33,2000-06-17,93
33,2000-06-24,97
34,2000-02-19,87
34,2000-02-26,73
34,2000-03-04,62
34,2000-03-11,58
34,2000-03-18,58
34,2000-03-25,57
34,2000-04-01,51
34,2000-04-08,47
34,2000-04-15,44
34,2000-04-22,44
34,2000-04-29,44
34,2000-05-06,55
34,2000-05-13,53
34,2000-05-20,53
34,2000-05-27,63
34,2000-06-03,84
34,2000-06-10,85
34,2000-06-17,87
34,2000-06-24,95
34,2000-07-01,100
35,1999-10-23,73
35,1999-10-30,63
35,1999-11-06,50
35,1999-11-13,42
35,1999-11-20,24
35,1999-11-27,19
35,1999-12-04,17
35,1999-12-11,14
35,1999-12-18,11
35,1999-12-25,9
35,2000-01-01,9
35,2000-01-08,9
35,2000-01-15,10
35,2000-01-22,5
35,2000-01-29,5
35,2000-02-05,6
35,2000-02-12,8
35,2000-02-19,9
35,2000-02-26,15
35,2000-03-04,15
35,2000-03-11,18
35,2000-03-18,17
35,2000-03-25,18
35,2000-04-01,19
35,2000-04-08,19
35,2000-04-15,22
35,2000-04-22,26
35,2000-04-29,32
35,2000-05-06,42
36,1999-11-13,83
36,1999-11-20,80
36,1999-11-27,80
36,1999-12-04,75
36,1999-12-11,75
36,1999-12-18,73
36,1999-12-25,64
36,2000-01-01,64
36,2000-01-08,65
36,2000-01-15,67
36,2000-01-22,63
36,2000-01-29,67
36,2000-02-05,75
36,2000-02-12,85
36,2000-02-19,94
37,2000-04-15,97
37,2000-04-22,94
37,2000-04-29,77
37,2000-05-06,76
37,2000-05-13,68
37,2000-05-20,77
37,2000-05-27,89
37,2000-06-03,90
37,2000-06-17,100
38,1999-12-04,89
38,1999-12-11,76
38,1999-12-18,69
38,1999-12-25,59
38,2000-01-01,59
38,2000-01-08,51
38,2000-01-15,50
38,2000-01-22,35
38,2000-01-29,26
38,2000-02-05,15
38,2000-02-12,7
38,2000-02-19,6
38,2000-02-26,8
38,2000-03-04,8
38,2000-03-11,9
38,2000-03-18,11
38,2000-03-25,14
38,2000-04-01,16
38,2000-04-08,18
38,2000-04-15,23
38,2000-04-22,33
38,2000-04-29,41
38,2000-05-06,43
39,2000-03-18,70
39,2000-03-25,62
39,2000-04-01,55
39,2000-04-08,55
39,2000-04-15,52
39,2000-04-22,57
39,2000-04-29,72
39,2000-05-06,80
39,2000-05-13,82
39,2000-05-20,92
39,2000-05-27,96
39,2000-06-03,98
40,2000-08-12,64
40,2000-08-19,58
40,2000-08-26,51
40,2000-09-02,51
40,2000-09-09,48
40,2000-09-16,45
40,2000-09-23,36
40,2000-09-30,33
40,2000-10-07,34
40,2000-10-14,34
40,2000-10-21,35
40,2000-10-28,34
40,2000-11-04,39
40,2000-11-11,44
40,2000-11-18,51
40,2000-11-25,58
40,2000-12-02,61
40,2000-12-09,84
40,2000-12-16,85
40,2000-12-23,87
41,2000-03-18,63
41,2000-03-25,55
41,2000-04-01,48
41,2000-04-08,39
41,2000-04-15,35
41,2000-04-22,24
41,2000-04-29,3
41,2000-05-06,2
41,2000-05-13,2
41,2000-05-20,4
41,2000-05-27,4
41,2000-06-03,5
41,2000-06-10,11
41,2000-06-17,12
41,2000-06-24,16
41,2000-07-01,15
41,2000-07-08,14
41,2000-07-15,14
41,2000-07-22,12
41,2000-07-29,10
41,2000-08-05,11
41,2000-08-12,13
41,2000-08-19,13
41,2000-08-26,13
41,2000-09-02,15
41,2000-09-09,16
41,2000-09-16,14
41,2000-09-23,13
41,2000-09-30,17
41,2000-10-07,19
41,2000-10-14,23
41,2000-10-21,29
41,2000-10-28,37
41,2000-11-04,33
41,2000-11-11,34
41,2000-11-18,41
41,2000-11-25,48
42,2000-07-29,76
42,2000-08-05,69
42,2000-08-12,51
42,2000-08-19,42
42,2000-08-26,37
42,2000-09-02,32
42,2000-09-09,32
42,2000-09-16,34
42,2000-09-23,34
42,2000-09-30,38
42,2000-10-07,50
42,2000-10-14,53
42,2000-10-21,53
42,2000-10-28,63
42,2000-11-04,65
42,2000-11-11,72
42,2000-11-18,79
42,2000-11-25,84
42,2000-12-02,89
42,2000-12-09,90
43,2000-12-02,98
43,2000-12-09,98
43,2000-12-16,98
44,2000-01-01,93
44,2000-01-08,75
44,2000-01-15,92
45,2000-04-08,90
45,2000-04-15,77
45,2000-04-22,66
45,2000-04-29,61
45,2000-05-06,59
45,2000-05-13,47
45,2000-05-20,39
45,2000-05-27,33
45,2000-06-03,32
45,2000-06-10,31
45,2000-06-17,28
45,2000-06-24,27
45,2000-07-01,22
45,2000-07-08,27
45,2000-07-15,31
45,2000-07-22,39
45,2000-07-29,45
45,2000-08-05,50
45,2000-08-12,53
45,2000-08-19,59
46,2000-06-10,95
46,2000-06-17,85
46,2000-06-24,85
46,2000-07-01,85
46,2000-07-08,83
46,2000-07-15,83
46,2000-07-22,82
46,2000-07-29,74
46,2000-08-05,74
46,2000-08-12,68
46,2000-08-19,62
46,2000-08-26,56
46,2000-09-02,56
46,2000-09-09,55
46,2000-09-16,62
46,2000-09-23,71
46,2000-09-30,86
46,2000-10-07,100
46,2000-10-14,98
47,2000-02-19,86
47,2000-02-26,81
47,2000-03-04,72
47,2000-03-11,70
47,2000-03-18,69
47,2000-03-25,77
48,2000-01-29,81
48,2000-02-05,77
48,2000-02-12,76
48,2000-02-19,76
48,2000-02-26,86
48,2000-03-04,88
48,2000-03-11,92
48,2000-03-18,99
49,2000-10-21,99
49,2000-10-28,94
49,2000-11-04,94
49,2000-11-11,87
49,2000-11-18,84
49,2000-11-25,83
49,2000-12-02,76
49,2000-12-09,76
49,2000-12-16,79
49,2000-12-23,83
49,2000-12-30,91
50,2000-10-14,94
50,2000-10-21,94
50,2000-10-28,96
50,2000-11-04,91
50,2000-11-11,84
50,2000-11-18,83
50,2000-11-25,88
50,2000-12-02,87
50,2000-12-09,95
50,2000-12-16,92
51,2000-06-24,28
51,2000-07-01,34
51,2000-07-08,48
51,2000-07-15,62
51,2000-07-22,77
51,2000-07-29,90
51,2000-08-05,95
52,1999-12-11,82
52,1999-12-18,68
52,1999-12-25,50
52,2000-01-01,50
52,2000-01-08,41
52,2000-01-15,37
52,2000-01-22,26
52,2000-01-29,22
52,2000-02-05,22
52,2000-02-12,2
52,2000-02-19,1
52,2000-02-26,2
52,2000-03-04,4
52,2000-03-11,13
52,2000-03-18,21
52,2000-03-25,28
52,2000-04-01,43
52,2000-04-08,57
52,2000-04-15,82
52,2000-04-22,89
53,2000-08-26,99
53,2000-09-02,75
53,2000-09-09,57
53,2000-09-16,35
53,2000-09-23,35
53,2000-09-30,37
53,2000-10-07,43
53,2000-10-14,79
53,2000-10-21,51
53,2000-10-28,55
53,2000-11-04,67
53,2000-11-11,83
53,2000-11-18,86
53,2000-11-25,92
53,2000-12-02,100
54,2000-06-24,94
54,2000-07-01,88
54,2000-07-08,86
54,2000-07-15,91
54,2000-07-22,89
54,2000-07-29,87
54,2000-08-05,99
55,2000-09-30,80
55,2000-10-07,72
55,2000-10-14,66
55,2000-10-21,66
55,2000-10-28,64
55,2000-11-04,76
55,2000-11-11,65
55,2000-11-18,66
55,2000-11-25,75
55,2000-12-02,85
55,2000-12-09,97
56,2000-10-21,75
56,2000-10-28,67
56,2000-11-04,61
56,2000-11-11,58
56,2000-11-18,58
56,2000-11-25,53
56,2000-12-02,47
56,2000-12-09,47
56,2000-12-16,40
56,2000-12-23,34
56,2000-12-30,36
56,2001-01-06,45
56,2001-01-13,42
56,2001-01-20,45
56,2001-01-27,60
56,2001-02-03,70
56,2001-02-10,82
56,2001-02-17,88
56,2001-02-24,89
56,2001-03-03,92
57,2000-04-01,79
57,2000-04-08,74
57,2000-04-15,68
57,2000-04-22,72
57,2000-04-29,69
57,2000-05-06,69
57,2000-05-13,62
57,2000-05-20,58
57,2000-05-27,57
57,2000-06-03,57
57,2000-06-10,56
57,2000-06-17,56
57,2000-06-24,56
57,2000-07-01,72
57,2000-07-08,80
57,2000-07-15,93
57,2000-07-22,95
58,2000-11-18,87
58,2000-11-25,86
58,2000-12-02,81
58,2000-12-09,92
58,2000-12-16,80
58,2000-12-23,80
58,2000-12-30,82
58,2001-01-06,84
58,2001-01-13,82
58,2001-01-20,81
58,2001-01-27,85
58,2001-02-03,91
59,2000-12-16,75
59,2000-12-23,82
59,2000-12-30,88
59,2001-01-06,96
59,2001-01-13,99
59,2001-01-20,99
60,2000-08-05,75
60,2000-08-12,55
60,2000-08-19,53
60,2000-08-26,49
60,2000-09-02,46
60,2000-09-09,44
60,2000-09-16,49
60,2000-09-23,51
60,2000-09-30,51
60,2000-10-07,56
60,2000-10-14,52
60,2000-10-21,56
60,2000-10-28,70
60,2000-11-04,82
60,2000-11-11,86
60,2000-11-18,89
60,2000-11-25,93
60,2000-12-02,93
60,2000-12-09,99
61,1999-11-06,84
61,1999-11-13,70
61,1999-11-20,66
61,1999-11-27,60
61,1999-12-04,46
61,1999-12-11,37
61,1999-12-18,35
61,1999-12-25,35
61,2000-01-01,35
61,2000-01-08,32
61,2000-01-15,29
61,2000-01-22,29
61,2000-01-29,28
61,2000-02-05,32
61,2000-02-12,38
61,2000-02-19,48
61,2000-02-26,56
61,2000-03-04,59
61,2000-03-11,61
61,2000-03-18,66
62,1999-09-11,81
62,1999-09-18,77
62,1999-09-25,73
62,1999-10-02,63
62,1999-10-09,61
62,1999-10-16,58
62,1999-10-23,56
62,1999-10-30,52
62,1999-11-06,56
62,1999-11-13,57
62,1999-11-20,57
62,1999-11-27,57
62,1999-12-04,57
62,1999-12-11,57
62,1999-12-18,60
62,1999-12-25,61
62,2000-01-01,61
62,2000-01-08,57
62,2000-01-15,60
62,2000-01-22,61
62,2000-03-25,43
62,2000-04-01,41
62,2000-04-08,34
62,2000-04-15,28
62,2000-04-22,25
62,2000-04-29,23
62,2000-05-06,22
62,2000-05-13,16
62,2000-05-20,16
62,2000-05-27,18
62,2000-06-03,14
62,2000-06-10,13
62,2000-06-17,13
62,2000-06-24,11
62,2000-07-01,11
62,2000-07-08,9
62,2000-07-15,9
62,2000-07-22,7
62,2000-07-29,7
62,2000-08-05,9
62,2000-08-12,9
62,2000-08-19,12
62,2000-08-26,14
62,2000-09-02,16
62,2000-09-09,17
62,2000-09-16,17
62,2000-09-23,21
62,2000-09-30,26
62,2000-10-07,29
62,2000-10-14,32
62,2000-10-21,39
62,2000-10-28,39
62,2000-11-04,43
62,2000-11-11,47
62,2000-11-18,50
62,2000-11-25,50
62,2000-12-02,49
63,2000-05-13,84
63,2000-05-20,78
63,2000-05-27,76
63,2000-06-03,74
63,2000-06-10,70
63,2000-06-17,68
63,2000-06-24,74
63,2000-07-01,75
63,2000-07-08,69
63,2000-07-15,74
63,2000-07-22,70
63,2000-07-29,79
63,2000-08-05,84
63,2000-08-12,86
63,2000-08-19,76
63,2000-08-26,62
63,2000-09-02,45
63,2000-09-09,29
63,2000-09-16,19
63,2000-09-23,11
63,2000-09-30,10
63,2000-10-07,7
63,2000-10-14,5
63,2000-10-21,3
63,2000-10-28,3
63,2000-11-04,3
63,2000-11-11,1
63,2000-11-18,2
63,2000-11-25,2
63,2000-12-02,3
63,2000-12-09,3
63,2000-12-16,3
63,2000-12-23,4
63,2000-12-30,5
63,2001-01-06,5
63,2001-01-13,5
63,2001-01-20,5
63,2001-01-27,9
63,2001-02-03,12
63,2001-02-10,13
63,2001-02-17,13
63,2001-02-24,17
63,2001-03-03,22
63,2001-03-10,26
63,2001-03-17,28
63,2001-03-24,37
63,2001-03-31,41
64,2000-09-23,97
64,2000-09-30,97
64,2000-10-07,97
64,2000-10-14,92
64,2000-10-21,91
64,2000-10-28,88
64,2000-11-04,85
64,2000-11-11,80
64,2000-11-18,82
64,2000-11-25,80
64,2000-12-02,80
64,2000-12-09,89
64,2000-12-16,95
65,1999-12-11,93
65,1999-12-18,77
65,1999-12-25,75
65,2000-01-01,70
65,2000-01-08,91
66,2000-01-22,77
66,2000-01-29,56
66,2000-02-05,35
66,2000-02-12,26
66,2000-02-19,25
66,2000-02-26,25
66,2000-03-04,28
66,2000-03-11,28
66,2000-03-18,31
66,2000-03-25,35
66,2000-04-01,39
66,2000-04-08,44
66,2000-04-15,51
66,2000-04-22,60
66,2000-04-29,73
66,2000-05-06,79
66,2000-05-13,94
67,2000-02-26,88
67,2000-03-04,74
67,2000-03-11,62
67,2000-03-18,56
67,2000-03-25,49
67,2000-04-01,44
67,2000-04-08,38
67,2000-04-15,32
67,2000-04-22,27
67,2000-04-29,27
67,2000-05-06,27
67,2000-05-13,27
67,2000-05-20,27
67,2000-05-27,28
67,2000-06-03,28
67,2000-06-10,33
67,2000-06-17,35
67,2000-06-24,42
67,2000-07-01,44
67,2000-07-08,46
67,2000-07-15,43
68,2000-07-01,98
68,2000-07-08,95
68,2000-07-15,95
68,2000-07-22,87
68,2000-07-29,86
68,2000-08-05,79
68,2000-08-12,62
68,2000-08-19,60
68,2000-08-26,58
68,2000-09-02,57
68,2000-09-09,52
68,2000-09-16,55
68,2000-09-23,49
68,2000-09-30,57
68,2000-10-07,62
68,2000-10-14,65
68,2000-10-21,87
68,2000-10-28,89
68,2000-11-04,99
68,2000-11-11,100
69,2000-01-15,98
69,2000-01-22,76
69,2000-01-29,69
69,2000-02-05,69
69,2000-02-12,67
69,2000-02-19,73
69,2000-02-26,76
69,2000-03-04,90
69,2000-03-11,90
69,2000-03-18,94
69,2000-03-25,100
70,2000-02-26,93
70,2000-03-04,73
70,2000-03-11,60
70,2000-03-18,60
70,2000-03-25,60
70,2000-04-01,60
70,2000-04-08,63
70,2000-04-15,56
70,2000-04-22,58
70,2000-04-29,70
70,2000-05-06,71
70,2000-05-13,72
70,2000-05-20,90
70,2000-05-27,94
70,2000-06-03,94
70,2000-06-10,94
70,2000-06-17,94
70,2000-06-24,100
71,2000-06-03,71
71,2000-06-10,65
71,2000-06-17,54
71,2000-06-24,54
71,2000-07-01,51
71,2000-07-08,41
71,2000-07-15,41
71,2000-07-22,33
71,2000-07-29,28
71,2000-08-05,31
71,2000-08-12,26
71,2000-08-19,28
71,2000-08-26,36
71,2000-09-02,39
71,2000-09-09,49
71,2000-09-16,58
71,2000-09-23,62
71,2000-09-30,65
71,2000-10-07,68
71,2000-10-14,68
72,2000-03-25,97
72,2000-04-01,97
72,2000-04-08,97
72,2000-04-15,90
72,2000-04-22,83
72,2000-04-29,78
72,2000-05-06,74
72,2000-05-13,69
72,2000-05-20,60
72,2000-05-27,56
72,2000-06-03,54
72,2000-06-10,50
72,2000-06-17,49
72,2000-06-24,55
72,2000-07-01,52
72,2000-07-08,51
72,2000-07-15,51
72,2000-07-22,62
72,2000-07-29,63
72,2000-08-05,83
73,2000-12-23,96
73,2000-12-30,96
73,2001-01-06,100
74,2000-09-23,78
74,2000-09-30,63
74,2000-10-07,49
74,2000-10-14,33
74,2000-10-21,23
74,2000-10-28,15
74,2000-11-04,7
74,2000-11-11,5
74,2000-11-18,1
74,2000-11-25,1
74,2000-12-02,1
74,2000-12-09,1
74,2000-12-16,1
74,2000-12-23,1
74,2000-12-30,1
74,2001-01-06,1
74,2001-01-13,1
74,2001-01-20,1
74,2001-01-27,1
74,2001-02-03,2
74,2001-02-10,3
74,2001-02-17,7
74,2001-02-24,10
74,2001-03-03,12
74,2001-03-10,15
74,2001-03-17,22
74,2001-03-24,29
74,2001-03-31,31
75,2000-05-13,74
75,2000-05-20,71
75,2000-05-27,65
75,2000-06-03,62
75,2000-06-10,57
75,2000-06-17,50
75,2000-06-24,40
75,2000-07-01,37
75,2000-07-08,22
75,2000-07-15,18
75,2000-07-22,13
75,2000-07-29,8
75,2000-08-05,6
75,2000-08-12,4
75,2000-08-19,3
75,2000-08-26,4
75,2000-09-02,3
75,2000-09-09,3
75,2000-09-16,3
75,2000-09-23,3
75,2000-09-30,4
75,2000-10-07,4
75,2000-10-14,6
75,2000-10-21,7
75,2000-10-28,6
75,2000-11-04,8
75,2000-11-11,10
75,2000-11-18,15
75,2000-11-25,24
75,2000-12-02,30
75,2000-12-09,35
75,2000-12-16,39
76,1999-12-25,83
76,2000-01-01,83
76,2000-01-08,44
76,2000-01-15,38
76,2000-01-22,16
76,2000-01-29,13
76,2000-02-05,16
76,2000-02-12,16
76,2000-02-19,16
76,2000-02-26,18
76,2000-03-04,17
76,2000-03-11,14
76,2000-03-18,1
76,2000-03-25,1
76,2000-04-01,1
76,2000-04-08,2
76,2000-04-15,2
76,2000-04-22,3
76,2000-04-29,5
76,2000-05-06,5
76,2000-05-13,5
76,2000-05-20,7
76,2000-05-27,10
76,2000-06-03,13
76,2000-06-10,14
76,2000-06-17,18
76,2000-06-24,23
76,2000-07-01,23
76,2000-07-08,34
76,2000-07-15,37
76,2000-07-22,43
76,2000-07-29,47
77,2000-08-12,81
77,2000-08-19,78
77,2000-08-26,67
77,2000-09-02,63
77,2000-09-09,60
77,2000-09-16,57
77,2000-09-23,63
77,2000-09-30,69
77,2000-10-07,78
77,2000-10-14,85
77,2000-10-21,92
77,2000-10-28,92
77,2000-11-11,99
77,2000-11-18,100
78,2000-01-01,98
78,2000-01-08,100
78,2000-01-15,100
78,2000-01-22,90
78,2000-01-29,93
78,2000-02-05,94
79,1999-11-13,74
79,1999-11-20,68
79,1999-11-27,65
79,1999-12-04,49
79,1999-12-11,44
79,1999-12-18,34
79,1999-12-25,30
79,2000-01-01,30
79,2000-01-08,17
79,2000-01-15,14
79,2000-01-22,11
79,2000-01-29,8
79,2000-02-05,9
79,2000-02-12,10
79,2000-02-19,11
79,2000-02-26,11
79,2000-03-04,6
79,2000-03-11,8
79,2000-03-18,7
79,2000-03-25,7
79,2000-04-01,9
79,2000-04-08,10
79,2000-04-15,14
79,2000-04-22,16
79,2000-04-29,26
79,2000-05-06,31
79,2000-05-13,35
79,2000-05-20,42
80,2000-06-24,80
80,2000-07-01,79
80,2000-07-08,76
80,2000-07-15,72
80,2000-07-22,68
80,2000-07-29,68
80,2000-08-05,65
80,2000-08-12,70
80,2000-08-19,84
80,2000-08-26,91
81,1999-11-27,79
81,1999-12-04,72
81,1999-12-11,70
81,1999-12-18,61
81,1999-12-25,52
81,2000-01-01,52
81,2000-01-08,52
81,2000-01-15,39
81,2000-01-22,31
81,2000-01-29,27
81,2000-02-05,27
81,2000-02-12,27
81,2000-02-19,31
81,2000-02-26,37
81,2000-03-04,40
81,2000-03-11,47
81,2000-03-18,51
81,2000-03-25,56
81,2000-04-01,59
81,2000-04-08,59
82,2000-03-18,40
82,2000-03-25,29
82,2000-04-01,24
82,2000-04-08,24
82,2000-04-15,20
82,2000-04-22,20
82,2000-04-29,20
82,2000-05-06,19
82,2000-05-13,38
82,2000-05-20,61
82,2000-05-27,86
82,2000-06-03,88
82,2000-06-10,96
82,2000-06-17,96
82,2000-06-24,98
83,2000-10-07,80
83,2000-10-14,70
83,2000-10-21,63
83,2000-10-28,56
83,2000-11-04,50
83,2000-11-11,49
83,2000-11-18,48
83,2000-11-25,46
83,2000-12-02,41
83,2000-12-09,40
83,2000-12-16,35
83,2000-12-23,31
83,2000-12-30,33
83,2001-01-06,44
83,2001-01-13,36
83,2001-01-20,35
83,2001-01-27,37
83,2001-02-03,43
83,2001-02-10,51
83,2001-02-17,54
84,2000-01-22,75
84,2000-01-29,55
84,2000-02-05,47
84,2000-02-12,36
84,2000-02-19,36
84,2000-02-26,30
84,2000-03-04,30
84,2000-03-11,31
84,2000-03-18,26
84,2000-03-25,25
84,2000-04-01,25
84,2000-04-08,26
84,2000-04-15,26
84,2000-04-22,28
84,2000-04-29,34
84,2000-05-06,47
84,2000-05-13,58
84,2000-05-20,68
84,2000-05-27,80
84,2000-06-03,82
85,2000-05-27,78
85,2000-06-03,67
85,2000-06-10,58
85,2000-06-17,53
85,2000-06-24,46
85,2000-07-01,41
85,2000-07-08,32
85,2000-07-15,27
85,2000-07-22,26
85,2000-07-29,23
85,2000-08-05,26
85,2000-08-12,27
85,2000-08-19,32
85,2000-08-26,32
85,2000-09-02,44
85,2000-09-09,46
85,2000-09-16,47
85,2000-09-23,50
85,2000-09-30,52
85,2000-10-07,58
86,2000-02-12,100
86,2000-02-19,98
86,2000-02-26,89
86,2000-03-04,80
86,2000-03-11,75
86,2000-03-18,73
86,2000-03-25,80
86,2000-04-01,86
86,2000-04-08,91
86,2000-04-15,96
86,2000-04-22,100
86,2000-04-29,98
86,2000-05-06,96
87,2000-09-30,99
87,2000-10-07,92
87,2000-10-14,81
87,2000-10-21,59
87,2000-10-28,47
87,2000-11-04,42
87,2000-11-11,32
87,2000-11-18,27
87,2000-11-25,18
87,2000-12-02,18
87,2000-12-09,11
87,2000-12-16,8
87,2000-12-23,5
87,2000-12-30,2
87,2001-01-06,2
87,2001-01-13,3
87,2001-01-20,3
87,2001-01-27,3
87,2001-02-03,7
87,2001-02-10,9
87,2001-02-17,10
87,2001-02-24,11
87,2001-03-03,10
87,2001-03-10,19
87,2001-03-17,23
87,2001-03-24,28
87,2001-03-31,38
87,2001-04-07,46
88,2000-01-08,77
88,2000-01-15,77
88,2000-01-22,89
88,2000-01-29,64
88,2000-02-05,57
88,2000-02-12,47
88,2000-02-19,47
88,2000-02-26,55
88,2000-03-04,65
88,2000-03-11,69
88,2000-03-18,83
88,2000-03-25,82
88,2000-04-01,90
88,2000-04-08,94
89,2000-07-01,99
89,2000-07-08,99
90,1999-12-11,67
90,1999-12-18,29
90,1999-12-25,16
90,2000-01-01,16
90,2000-01-08,13
90,2000-01-15,11
90,2000-01-22,9
90,2000-01-29,6
90,2000-02-05,7
90,2000-02-12,9
90,2000-02-19,13
90,2000-02-26,19
90,2000-03-04,21
90,2000-03-11,24
90,2000-03-18,32
90,2000-03-25,42
90,2000-04-01,56
90,2000-04-08,60
90,2000-04-15,76
90,2000-04-22,88
91,1999-11-27,36
91,1999-12-04,21
91,1999-12-11,13
91,1999-12-18,9
91,1999-12-25,7
91,2000-01-01,7
91,2000-01-08,5
91,2000-01-15,7
91,2000-01-22,7
91,2000-01-29,7
91,2000-02-05,8
91,2000-02-12,11
91,2000-02-19,7
91,2000-02-26,10
91,2000-03-04,11
91,2000-03-11,12
91,2000-03-18,15
91,2000-03-25,17
91,2000-04-01,23
91,2000-04-08,30
91,2000-04-15,38
92,2000-11-04,78
92,2000-11-11,67
92,2000-11-18,57
92,2000-11-25,57
92,2000-12-02,51
92,2000-12-09,51
92,2000-12-16,51
92,2000-12-23,57
92,2000-12-30,55
92,2001-01-06,70
92,2001-01-13,69
92,2001-01-20,77
92,2001-01-27,88
92,2001-02-03,93
92,2001-02-10,100
93,2000-05-06,70
93,2000-05-13,32
93,2000-05-20,20
93,2000-05-27,16
93,2000-06-03,11
93,2000-06-10,7
93,2000-06-17,6
93,2000-06-24,4
93,2000-07-01,5
93,2000-07-08,4
93,2000-07-15,8
93,2000-07-22,9
93,2000-07-29,16
93,2000-08-05,30
93,2000-08-12,49
93,2000-08-19,68
93,2000-08-26,83
93,2000-09-02,88
93,2000-09-09,98
94,2000-08-26,87
94,2000-09-02,74
94,2000-09-09,59
94,2000-09-16,65
94,2000-09-23,59
94,2000-09-30,58
94,2000-10-07,59
94,2000-10-14,62
94,2000-10-21,89
94,2000-10-28,86
95,2000-06-17,92
95,2000-06-24,92
95,2000-07-01,97
95,2000-07-08,100
96,2000-06-10,77
97,2000-10-21,77
97,2000-10-28,71
97,2000-11-04,64
97,2000-11-11,57
97,2000-11-18,55
97,2000-11-25,51
97,2000-12-02,46
97,2000-12-09,44
97,2000-12-16,36
97,2000-12-23,39
97,2000-12-30,34
97,2001-01-06,46
97,2001-01-13,44
97,2001-01-20,36
97,2001-01-27,42
97,2001-02-03,53
97,2001-02-10,58
97,2001-02-17,74
97,2001-02-24,81
97,2001-03-03,86
98,2000-07-15,89
98,2000-07-22,88
98,2000-07-29,88
98,2000-08-05,91
98,2000-08-12,95
99,2000-01-08,94
99,2000-01-15,91
99,2000-01-22,57
99,2000-01-29,46
99,2000-02-05,46
99,2000-02-12,40
99,2000-02-19,34
99,2000-02-26,39
99,2000-03-04,42
99,2000-03-11,46
99,2000-03-18,50
99,2000-03-25,59
99,2000-04-01,66
99,2000-04-08,78
99,2000-04-15,87
99,2000-04-22,99
100,2000-07-08,77
100,2000-07-15,69
100,2000-07-22,53
100,2000-07-29,37
100,2000-08-05,33
100,2000-08-12,25
100,2000-08-19,24
100,2000-08-26,23
100,2000-09-02,22
100,2000-09-09,25
100,2000-09-16,28
100,2000-09-23,25
100,2000-09-30,11
100,2000-10-07,13
100,2000-10-14,13
100,2000-10-21,11
100,2000-10-28,18
100,2000-11-04,28
100,2000-11-11,36
100,2000-11-18,39
100,2000-11-25,45
101,2000-06-10,91
101,2000-06-17,80
101,2000-06-24,75
101,2000-07-01,61
101,2000-07-08,60
101,2000-07-15,52
101,2000-07-22,45
101,2000-07-29,40
101,2000-08-05,36
101,2000-08-12,32
101,2000-08-19,37
101,2000-08-26,45
101,2000-09-02,68
101,2000-09-09,80
101,2000-09-16,80
101,2000-09-23,89
101,2000-09-30,96
102,1999-11-13,94
102,1999-11-20,94
102,1999-11-27,94
102,1999-12-04,87
102,1999-12-11,77
102,1999-12-18,77
102,1999-12-25,83
102,2000-01-01,82
102,2000-01-08,82
102,2000-01-15,92
102,2000-01-22,76
102,2000-01-29,95
103,1999-11-27,91
103,1999-12-04,74
103,1999-12-11,64
103,1999-12-18,52
103,1999-12-25,38
103,2000-01-01,38
103,2000-01-08,34
103,2000-01-15,31
103,2000-01-22,21
103,2000-01-29,19
103,2000-02-05,12
103,2000-02-12,13
103,2000-02-19,15
103,2000-02-26,20
103,2000-03-04,19
103,2000-03-11,22
103,2000-03-18,23
103,2000-03-25,24
103,2000-04-01,31
103,2000-04-08,42
104,1999-10-16,80
104,1999-10-23,69
104,1999-10-30,68
104,1999-11-06,63
104,1999-11-13,60
104,1999-11-20,52
104,1999-11-27,42
104,1999-12-04,32
104,1999-12-11,30
104,1999-12-18,25
104,1999-12-25,22
104,2000-01-01,22
104,2000-01-08,26
104,2000-01-15,20
104,2000-01-22,19
104,2000-01-29,20
104,2000-02-05,26
104,2000-02-12,30
104,2000-02-19,35
104,2000-02-26,42
104,2000-03-04,50
105,2000-10-28,99
106,2000-11-11,92
106,2000-11-18,92
106,2000-11-25,95
106,2000-12-02,91
106,2000-12-09,91
106,2000-12-16,94
106,2000-12-23,100
107,2000-08-05,98
108,2000-09-02,82
108,2000-09-09,76
108,2000-09-16,74
108,2000-09-23,73
108,2000-09-30,73
108,2000-10-07,65
108,2000-10-14,59
108,2000-10-21,58
108,2000-10-28,54
108,2000-11-04,54
108,2000-11-11,53
108,2000-11-18,52
108,2000-11-25,55
108,2000-12-02,52
108,2000-12-09,57
108,2000-12-16,76
108,2000-12-23,91
108,2000-12-30,99
108,2001-01-13,91
108,2001-01-20,89
109,2000-06-17,86
109,2000-06-24,86
109,2000-07-01,82
109,2000-07-08,72
109,2000-07-15,65
109,2000-07-22,56
109,2000-07-29,56
109,2000-08-05,55
109,2000-08-12,44
109,2000-08-19,44
109,2000-08-26,43
109,2000-09-02,38
109,2000-09-09,40
109,2000-09-16,44
109,2000-09-23,61
109,2000-09-30,77
109,2000-10-07,85
109,2000-10-14,95
109,2000-10-21,97
110,1999-12-11,94
110,1999-12-18,84
110,1999-12-25,71
110,2000-01-01,71
110,2000-01-08,60
110,2000-01-15,63
110,2000-01-22,48
110,2000-01-29,48
110,2000-02-05,48
110,2000-02-12,55
110,2000-02-19,64
110,2000-02-26,71
110,2000-03-04,85
110,2000-03-11,85
110,2000-03-18,92
111,2000-01-08,97
111,2000-01-15,97
111,2000-01-22,83
111,2000-01-29,94
111,2000-02-05,84
111,2000-02-12,88
111,2000-02-19,85
111,2000-02-26,82
111,2000-03-04,77
111,2000-03-11,77
111,2000-03-18,85
111,2000-03-25,89
112,2000-04-22,74
112,2000-04-29,58
112,2000-05-06,53
112,2000-05-13,42
112,2000-05-20,35
112,2000-05-27,31
112,2000-06-03,29
112,2000-06-10,25
112,2000-06-17,29
112,2000-06-24,26
112,2000-07-01,24
112,2000-07-08,33
112,2000-07-15,46
112,2000-07-22,48
112,2000-07-29,57
112,2000-08-05,62
112,2000-08-12,74
112,2000-08-19,82
112,2000-08-26,85
112,2000-09-02,87
113,2000-02-19,68
113,2000-02-26,51
113,2000-03-04,47
113,2000-03-11,36
113,2000-03-18,30
113,2000-03-25,20
113,2000-04-01,15
113,2000-04-08,12
113,2000-04-15,8
113,2000-04-22,7
113,2000-04-29,7
113,2000-05-06,7
113,2000-05-13,6
113,2000-05-20,5
113,2000-05-27,6
113,2000-06-03,9
113,2000-06-10,10
113,2000-06-17,11
113,2000-06-24,14
113,2000-07-01,16
113,2000-07-08,16
113,2000-07-15,16
113,2000-07-22,21
113,2000-07-29,27
113,2000-08-05,34
113,2000-08-12,40
113,2000-08-19,46
114,2000-03-11,81
114,2000-03-18,76
114,2000-03-25,69
114,2000-04-01,67
114,2000-04-08,62
114,2000-04-15,55
114,2000-04-22,52
114,2000-04-29,51
114,2000-05-06,51
114,2000-05-13,48
114,2000-05-20,47
114,2000-05-27,43
114,2000-06-03,42
114,2000-06-10,37
114,2000-06-17,41
114,2000-06-24,50
114,2000-07-01,69
114,2000-07-08,73
114,2000-07-15,77
114,2000-07-22,85
115,1999-12-18,46
115,1999-12-25,29
115,2000-01-01,19
115,2000-01-08,22
115,2000-01-15,36
115,2000-01-22,44
115,2000-01-29,58
115,2000-02-05,58
115,2000-02-12,68
115,2000-02-19,75
115,2000-02-26,94
116,2000-04-22,22
116,2000-04-29,22
116,2000-05-06,20
116,2000-05-13,45
116,2000-05-20,87
116,2000-05-27,71
116,2000-06-03,95
117,1999-11-27,99
117,1999-12-04,100
117,1999-12-11,98
117,1999-12-18,99
117,1999-12-25,99
117,2000-01-01,99
117,2000-01-08,98
117,2000-01-15,90
117,2000-01-22,99
117,2000-01-29,97
117,2000-02-05,91
117,2000-02-12,97
118,2000-04-29,95
118,2000-05-06,88
118,2000-05-13,88
118,2000-05-20,82
118,2000-05-27,82
118,2000-06-03,77
118,2000-06-10,72
118,2000-06-17,67
118,2000-06-24,65
118,2000-07-01,65
118,2000-07-08,65
118,2000-07-15,60
118,2000-07-22,60
118,2000-07-29,53
118,2000-08-05,51
118,2000-08-12,50
118,2000-08-19,57
118,2000-08-26,77
118,2000-09-02,83
118,2000-09-09,89
119,2000-06-24,79
119,2000-07-01,77
119,2000-07-08,74
119,2000-07-15,73
119,2000-07-22,66
119,2000-07-29,62
119,2000-08-05,58
119,2000-08-12,58
119,2000-08-19,61
119,2000-08-26,68
119,2000-09-02,71
119,2000-09-09,71
119,2000-09-16,79
119,2000-09-23,83
119,2000-09-30,85
119,2000-10-07,87
119,2000-10-14,83
119,2000-10-21,90
119,2000-10-28,87
119,2000-11-04,87
120,2000-03-18,100
120,2000-03-25,99
120,2000-04-01,99
120,2000-04-22,98
120,2000-04-29,94
120,2000-05-06,92
120,2000-05-13,95
120,2000-05-20,96
121,1999-11-06,81
121,1999-11-13,68
121,1999-11-20,62
121,1999-11-27,51
121,1999-12-04,42
121,1999-12-11,35
121,1999-12-18,28
121,1999-12-25,28
121,2000-01-01,28
121,2000-01-08,43
121,2000-01-15,30
121,2000-01-22,23
121,2000-01-29,23
121,2000-02-05,21
121,2000-02-12,21
121,2000-02-19,21
121,2000-02-26,5
121,2000-03-04,3
121,2000-03-11,3
121,2000-03-18,4
121,2000-03-25,4
121,2000-04-01,3
121,2000-04-08,3
121,2000-04-15,3
121,2000-04-22,2
121,2000-04-29,2
121,2000-05-06,3
121,2000-05-13,3
121,2000-05-20,2
121,2000-05-27,2
121,2000-06-03,3
121,2000-06-10,4
121,2000-06-17,2
121,2000-06-24,5
121,2000-07-01,8
121,2000-07-08,11
121,2000-07-15,13
121,2000-07-22,14
121,2000-07-29,18
121,2000-08-05,22
121,2000-08-12,23
121,2000-08-19,22
121,2000-08-26,24
121,2000-09-02,30
121,2000-09-09,31
121,2000-09-16,31
121,2000-09-23,38
121,2000-09-30,39
121,2000-10-07,42
121,2000-10-14,49
121,2000-10-21,49
121,2000-10-28,48
121,2000-11-04,47
122,2000-08-12,83
122,2000-08-19,83
122,2000-08-26,73
122,2000-09-02,73
122,2000-09-09,67
122,2000-09-16,60
122,2000-09-23,60
122,2000-09-30,60
122,2000-10-07,57
122,2000-10-14,55
122,2000-10-21,54
122,2000-10-28,69
122,2000-11-04,88
122,2000-11-11,91
123,2000-02-19,69
123,2000-02-26,49
123,2000-03-04,49
123,2000-03-11,34
123,2000-03-18,34
123,2000-03-25,34
123,2000-04-01,30
123,2000-04-08,27
123,2000-04-15,36
123,2000-04-22,41
123,2000-04-29,53
123,2000-05-06,56
123,2000-05-13,80
123,2000-05-20,100
124,2000-03-25,84
124,2000-04-01,84
124,2000-04-08,93
124,2000-04-15,98
125,2000-02-19,77
125,2000-02-26,75
125,2000-03-04,71
125,2000-03-11,65
125,2000-03-18,65
125,2000-03-25,70
125,2000-04-01,69
125,2000-04-08,77
125,2000-04-15,79
125,2000-04-22,90
125,2000-04-29,92
125,2000-05-06,95
125,2000-05-13,100
126,2000-06-17,74
126,2000-06-24,68
126,2000-07-01,68
126,2000-07-08,67
126,2000-07-15,59
126,2000-07-22,59
126,2000-07-29,60
126,2000-08-05,52
126,2000-08-12,54
126,2000-08-19,56
126,2000-08-26,59
126,2000-09-02,70
126,2000-09-09,69
126,2000-09-16,81
126,2000-09-23,87
126,2000-09-30,95
126,2000-10-07,98
126,2000-10-14,100
126,2000-10-28,97
127,2000-02-19,83
127,2000-02-26,83
127,2000-03-04,83
127,2000-03-11,40
127,2000-03-18,28
127,2000-03-25,27
127,2000-04-01,28
127,2000-04-08,36
127,2000-04-15,53
127,2000-04-22,73
127,2000-04-29,82
128,1999-09-04,81
128,1999-09-11,68
128,1999-09-18,44
128,1999-09-25,16
128,1999-10-02,11
128,1999-10-09,9
128,1999-10-16,8
128,1999-10-23,7
128,1999-10-30,8
128,1999-11-06,7
128,1999-11-13,8
128,1999-11-20,8
128,1999-11-27,6
128,1999-12-04,6
128,1999-12-11,5
128,1999-12-18,5
128,1999-12-25,5
128,2000-01-01,5
128,2000-01-08,4
128,2000-01-15,6
128,2000-01-22,10
128,2000-01-29,10
128,2000-02-05,11
128,2000-02-12,20
128,2000-02-19,22
128,2000-02-26,27
128,2000-03-04,34
128,2000-03-11,49
129,2000-06-17,71
129,2000-06-24,71
129,2000-07-01,71
129,2000-07-08,71
129,2000-07-15,70
129,2000-07-22,75
129,2000-07-29,77
129,2000-08-05,88
129,2000-08-12,91
130,1999-10-09,84
130,1999-10-16,61
130,1999-10-23,45
130,1999-10-30,43
130,1999-11-06,40
130,1999-11-13,38
130,1999-11-20,36
130,1999-11-27,31
130,1999-12-04,34
130,1999-12-11,34
130,1999-12-18,40
130,1999-12-25,36
130,2000-01-01,36
130,2000-01-08,23
130,2000-01-15,41
130,2000-01-22,62
130,2000-01-29,70
130,2000-02-05,71
130,2000-02-12,79
130,2000-02-19,78
131,1999-12-04,86
131,1999-12-11,66
131,1999-12-18,50
131,1999-12-25,42
131,2000-01-01,42
131,2000-01-08,40
131,2000-01-15,35
131,2000-01-22,46
131,2000-01-29,45
131,2000-02-05,54
131,2000-02-12,73
131,2000-02-19,89
132,2000-06-10,75
132,2000-06-17,75
132,2000-06-24,67
132,2000-07-01,73
132,2000-07-08,64
132,2000-07-15,56
132,2000-07-22,54
132,2000-07-29,54
132,2000-08-05,54
132,2000-08-12,48
132,2000-08-19,47
132,2000-08-26,50
132,2000-09-02,60
132,2000-09-09,68
132,2000-09-16,73
132,2000-09-23,81
132,2000-09-30,92
132,2000-10-07,90
133,2000-04-01,63
133,2000-04-08,45
133,2000-04-15,34
133,2000-04-22,23
133,2000-04-29,17
133,2000-05-06,12
133,2000-05-13,9
133,2000-05-20,8
133,2000-05-27,8
133,2000-06-03,6
133,2000-06-10,5
133,2000-06-17,4
133,2000-06-24,1
133,2000-07-01,1
133,2000-07-08,1
133,2000-07-15,3
133,2000-07-22,11
133,2000-07-29,14
133,2000-08-05,24
133,2000-08-12,28
134,1999-12-04,90
134,1999-12-11,84
134,1999-12-18,79
134,1999-12-25,67
134,2000-01-01,67
134,2000-01-08,39
134,2000-01-15,33
134,2000-01-22,32
134,2000-01-29,38
134,2000-02-05,38
134,2000-02-12,49
134,2000-02-19,51
134,2000-02-26,61
134,2000-03-04,61
134,2000-03-11,66
134,2000-03-18,88
134,2000-03-25,96
135,1999-12-25,96
135,2000-01-01,96
135,2000-01-08,69
135,2000-01-15,74
135,2000-01-22,72
135,2000-01-29,62
135,2000-02-05,49
135,2000-02-12,45
135,2000-02-19,38
135,2000-02-26,34
135,2000-03-04,38
135,2000-03-11,45
135,2000-03-18,47
135,2000-03-25,58
135,2000-04-01,68
135,2000-04-08,88
135,2000-04-15,99
136,2000-09-16,85
136,2000-09-23,74
136,2000-09-30,61
136,2000-10-07,37
136,2000-10-14,27
136,2000-10-21,22
136,2000-10-28,22
136,2000-11-04,16
136,2000-11-11,14
136,2000-11-18,11
136,2000-11-25,11
136,2000-12-02,14
136,2000-12-09,17
136,2000-12-16,18
136,2000-12-23,18
136,2000-12-30,21
136,2001-01-06,30
136,2001-01-13,30
136,2001-01-20,42
136,2001-01-27,53
137,2000-06-24,76
137,2000-07-01,74
137,2000-07-08,68
137,2000-07-15,63
137,2000-07-22,57
137,2000-07-29,49
137,2000-08-05,44
137,2000-08-12,39
137,2000-08-19,39
137,2000-08-26,38
137,2000-09-02,37
137,2000-09-09,37
137,2000-09-16,40
137,2000-09-23,47
137,2000-09-30,62
137,2000-10-07,64
137,2000-10-14,75
137,2000-10-21,80
137,2000-10-28,84
137,2000-11-04,89
138,1999-11-13,79
138,1999-11-20,73
138,1999-11-27,70
138,1999-12-04,64
138,1999-12-11,63
138,1999-12-18,57
138,1999-12-25,55
138,2000-01-01,55
138,2000-01-08,63
138,2000-01-15,52
138,2000-01-22,43
138,2000-01-29,47
138,2000-02-05,55
138,2000-02-12,78
138,2000-02-19,95
138,2000-02-26,100
138,2000-03-11,100
139,2000-11-04,75
139,2000-11-11,59
139,2000-11-18,59
139,2000-11-25,54
139,2000-12-02,50
139,2000-12-09,49
139,2000-12-16,47
139,2000-12-23,45
139,2000-12-30,49
139,2001-01-06,69
139,2001-01-13,63
139,2001-01-20,67
139,2001-01-27,77
139,2001-02-03,89
139,2001-02-10,99
140,1999-12-11,54
140,1999-12-18,32
140,1999-12-25,17
140,2000-01-01,17
140,2000-01-08,15
140,2000-01-15,18
140,2000-01-22,18
140,2000-01-29,18
140,2000-02-05,18
140,2000-02-12,25
140,2000-02-19,24
140,2000-02-26,24
140,2000-03-04,26
140,2000-03-11,33
140,2000-03-18,44
140,2000-03-25,51
140,2000-04-01,53
140,2000-04-08,65
140,2000-04-15,69
140,2000-04-22,77
141,2000-05-06,77
141,2000-05-13,66
141,2000-05-20,55
141,2000-05-27,45
141,2000-06-03,38
141,2000-06-10,42
141,2000-06-17,33
141,2000-06-24,29
141,2000-07-01,28
141,2000-07-08,26
141,2000-07-15,23
141,2000-07-22,15
141,2000-07-29,11
141,2000-08-05,14
141,2000-08-12,14
141,2000-08-19,17
141,2000-08-26,20
141,2000-09-02,20
141,2000-09-09,21
141,2000-09-16,23
141,2000-09-23,24
141,2000-09-30,29
141,2000-10-07,36
141,2000-10-14,47
142,2000-06-17,59
142,2000-06-24,52
142,2000-07-01,43
142,2000-07-08,30
142,2000-07-15,29
142,2000-07-22,22
142,2000-07-29,15
142,2000-08-05,10
142,2000-08-12,10
142,2000-08-19,5
142,2000-08-26,1
142,2000-09-02,1
142,2000-09-09,1
142,2000-09-16,2
142,2000-09-23,2
142,2000-09-30,3
142,2000-10-07,3
142,2000-10-14,7
142,2000-10-21,8
142,2000-10-28,20
142,2000-11-04,25
142,2000-11-11,37
142,2000-11-18,40
142,2000-11-25,41
143,2000-02-26,72
143,2000-03-04,58
143,2000-03-11,55
143,2000-03-18,55
143,2000-03-25,63
143,2000-04-01,74
143,2000-04-08,86
143,2000-04-15,92
144,2000-04-22,69
144,2000-04-29,52
144,2000-05-06,39
144,2000-05-13,33
144,2000-05-20,28
144,2000-05-27,25
144,2000-06-03,25
144,2000-06-10,23
144,2000-06-17,20
144,2000-06-24,19
144,2000-07-01,21
144,2000-07-08,18
144,2000-07-15,20
144,2000-07-22,20
144,2000-07-29,26
144,2000-08-05,29
144,2000-08-12,35
144,2000-08-19,33
144,2000-08-26,41
144,2000-09-02,50
145,2000-01-15,95
145,2000-01-22,68
145,2000-01-29,65
145,2000-02-05,65
145,2000-02-12,74
145,2000-02-19,84
145,2000-02-26,92
145,2000-03-04,96
145,2000-03-11,95
146,2000-08-12,98
146,2000-08-19,100
146,2000-08-26,98
146,2000-09-02,94
146,2000-09-09,83
146,2000-09-16,83
146,2000-09-23,80
146,2000-09-30,78
146,2000-10-07,76
146,2000-10-14,77
146,2000-10-21,85
146,2000-10-28,91
146,2000-11-04,93
146,2000-11-11,88
146,2000-11-18,94
147,2000-10-28,58
147,2000-11-04,45
147,2000-11-11,35
147,2000-11-18,26
147,2000-11-25,23
147,2000-12-02,19
147,2000-12-09,14
147,2000-12-16,14
147,2000-12-23,13
147,2000-12-30,11
147,2001-01-06,12
147,2001-01-13,12
147,2001-01-20,12
147,2001-01-27,15
147,2001-02-03,15
147,2001-02-10,19
147,2001-02-17,24
147,2001-02-24,28
147,2001-03-03,29
147,2001-03-10,30
147,2001-03-17,40
148,2000-10-07,77
148,2000-10-14,74
148,2000-10-21,64
148,2000-10-28,61
148,2000-11-04,53
148,2000-11-11,48
148,2000-11-18,43
148,2000-11-25,38
148,2000-12-02,42
148,2000-12-09,38
148,2000-12-16,44
148,2000-12-23,49
148,2000-12-30,53
148,2001-01-06,61
148,2001-01-13,66
148,2001-01-20,68
148,2001-01-27,80
148,2001-02-03,85
148,2001-02-10,96
149,2000-01-01,94
149,2000-01-08,86
149,2000-01-15,69
149,2000-01-22,50
149,2000-01-29,41
149,2000-02-05,33
149,2000-02-12,32
149,2000-02-19,28
149,2000-02-26,28
149,2000-03-04,27
149,2000-03-11,27
149,2000-03-18,25
149,2000-03-25,23
149,2000-04-01,20
149,2000-04-08,17
149,2000-04-15,15
149,2000-04-22,14
149,2000-04-29,11
149,2000-05-06,11
149,2000-05-13,14
149,2000-05-20,11
149,2000-05-27,11
149,2000-06-03,10
149,2000-06-10,12
149,2000-06-17,10
149,2000-06-24,6
149,2000-07-01,4
149,2000-07-08,5
149,2000-07-15,4
149,2000-07-22,5
149,2000-07-29,5
149,2000-08-05,7
149,2000-08-12,6
149,2000-08-19,8
149,2000-08-26,5
149,2000-09-02,6
149,2000-09-09,9
149,2000-09-16,9
149,2000-09-23,8
149,2000-09-30,14
149,2000-10-07,16
149,2000-10-14,20
149,2000-10-21,32
149,2000-10-28,45
150,2000-08-05,77
150,2000-08-12,75
150,2000-08-19,63
150,2000-08-26,63
150,2000-09-02,69
150,2000-09-09,64
150,2000-09-16,68
150,2000-09-23,67
150,2000-09-30,72
150,2000-10-07,79
150,2000-10-14,78
150,2000-10-21,84
150,2000-10-28,85
150,2000-11-04,90
150,2000-11-11,89
150,2000-11-18,99
150,2000-11-25,100
151,2000-04-22,56
151,2000-04-29,56
151,2000-05-06,49
151,2000-05-13,59
151,2000-05-20,67
151,2000-05-27,60
151,2000-06-03,64
151,2000-06-10,73
151,2000-06-17,81
151,2000-06-24,90
151,2000-07-01,93
151,2000-07-08,89
151,2000-07-15,98
151,2000-07-22,94
151,2000-07-29,99
152,2000-04-22,81
152,2000-04-29,71
152,2000-05-06,65
152,2000-05-13,50
152,2000-05-20,41
152,2000-05-27,41
152,2000-06-03,36
152,2000-06-10,41
152,2000-06-17,38
152,2000-06-24,35
152,2000-07-01,33
152,2000-07-08,29
152,2000-07-15,36
152,2000-07-22,34
152,2000-07-29,34
152,2000-08-05,40
152,2000-08-12,42
152,2000-08-19,49
152,2000-08-26,55
152,2000-09-02,62
153,1999-10-23,92
153,1999-10-30,80
153,1999-11-06,72
153,1999-11-13,69
153,1999-11-20,67
153,1999-11-27,61
153,1999-12-04,54
153,1999-12-11,43
153,1999-12-18,38
153,1999-12-25,24
153,2000-01-01,24
153,2000-01-08,20
153,2000-01-15,19
153,2000-01-22,15
153,2000-01-29,15
153,2000-02-05,5
153,2000-02-12,4
153,2000-02-19,4
153,2000-02-26,7
153,2000-03-04,10
153,2000-03-11,5
153,2000-03-18,9
153,2000-03-25,9
153,2000-04-01,7
153,2000-04-08,9
153,2000-04-15,10
153,2000-04-22,10
153,2000-04-29,15
153,2000-05-06,18
153,2000-05-13,23
153,2000-05-20,30
153,2000-05-27,42
154,2000-02-05,85
154,2000-02-12,83
154,2000-02-19,100
154,2000-02-26,98
154,2000-03-04,97
154,2000-03-11,96
155,2000-08-05,66
155,2000-08-12,66
155,2000-08-19,66
155,2000-08-26,61
155,2000-09-02,49
155,2000-09-09,42
155,2000-09-16,36
155,2000-09-23,33
155,2000-09-30,28
155,2000-10-07,24
155,2000-10-14,26
155,2000-10-21,26
155,2000-10-28,28
155,2000-11-04,29
155,2000-11-11,27
155,2000-11-18,31
155,2000-11-25,31
155,2000-12-02,26
155,2000-12-09,25
155,2000-12-16,25
155,2000-12-23,30
155,2000-12-30,40
155,2001-01-06,36
155,2001-01-13,41
156,2000-08-05,82
156,2000-08-12,78
156,2000-08-19,75
156,2000-08-26,69
156,2000-09-02,66
156,2000-09-09,62
156,2000-09-16,59
156,2000-09-23,58
156,2000-09-30,55
156,2000-10-07,55
156,2000-10-14,54
156,2000-10-21,62
156,2000-10-28,81
156,2000-11-04,95
156,2000-11-11,93
157,2000-01-29,77
157,2000-02-05,72
157,2000-02-12,59
157,2000-02-19,53
157,2000-02-26,45
157,2000-03-04,43
157,2000-03-11,41
157,2000-03-18,36
157,2000-03-25,36
157,2000-04-01,32
157,2000-04-08,31
157,2000-04-15,31
157,2000-04-22,35
157,2000-04-29,35
157,2000-05-06,38
157,2000-05-13,43
157,2000-05-20,45
157,2000-05-27,51
157,2000-06-03,52
157,2000-06-10,54
158,1999-12-04,84
158,1999-12-11,68
158,1999-12-18,67
158,1999-12-25,63
158,2000-01-01,63
158,2000-01-08,54
158,2000-01-15,56
158,2000-01-22,59
158,2000-01-29,68
158,2000-02-05,67
158,2000-02-12,75
158,2000-02-19,90
159,1999-12-25,89
159,2000-01-01,89
159,2000-01-08,7
159,2000-01-15,8
159,2000-01-22,66
160,2000-02-19,63
160,2000-02-26,47
160,2000-03-04,46
160,2000-03-11,39
160,2000-03-18,35
160,2000-03-25,26
160,2000-04-01,26
160,2000-04-08,23
160,2000-04-15,19
160,2000-04-22,19
160,2000-04-29,21
160,2000-05-06,25
160,2000-05-13,25
160,2000-05-20,29
160,2000-05-27,32
160,2000-06-03,44
160,2000-06-10,52
160,2000-06-17,62
160,2000-06-24,69
160,2000-07-01,78
161,2000-03-25,78
161,2000-04-01,77
161,2000-04-08,71
161,2000-04-15,71
161,2000-04-22,71
161,2000-04-29,83
161,2000-05-06,90
161,2000-05-13,90
161,2000-05-20,93
162,2000-03-04,81
162,2000-03-11,64
162,2000-03-18,62
162,2000-03-25,67
162,2000-04-01,70
162,2000-04-08,70
162,2000-04-15,75
162,2000-04-22,87
162,2000-04-29,89
162,2000-05-06,100
163,2000-04-15,63
163,2000-04-22,61
163,2000-04-29,68
163,2000-05-06,73
163,2000-05-13,91
164,2000-08-05,96
164,2000-08-12,84
164,2000-08-19,88
164,2000-08-26,96
165,2000-08-12,99
165,2000-08-19,98
166,2000-03-04,100
166,2000-03-11,97
166,2000-03-18,97
167,2000-01-29,80
167,2000-02-05,73
167,2000-02-12,61
167,2000-02-19,61
167,2000-02-26,48
167,2000-03-04,48
167,2000-03-11,48
167,2000-03-18,48
167,2000-03-25,44
167,2000-04-01,42
167,2000-04-08,40
167,2000-04-15,40
167,2000-04-22,50
167,2000-04-29,66
167,2000-05-06,81
167,2000-05-13,93
167,2000-05-20,94
167,2000-05-27,99
167,2000-06-03,99
167,2000-06-10,100
168,2000-08-19,96
168,2000-08-26,89
168,2000-09-02,92
168,2000-09-09,96
168,2000-09-16,96
169,2000-03-18,84
169,2000-03-25,83
169,2000-04-01,83
169,2000-04-08,76
169,2000-04-15,86
169,2000-04-22,86
169,2000-04-29,88
169,2000-05-06,97
170,2000-08-19,48
170,2000-08-26,35
170,2000-09-02,24
170,2000-09-09,24
170,2000-09-16,20
170,2000-09-23,20
170,2000-09-30,20
170,2000-10-07,20
170,2000-10-14,22
170,2000-10-21,27
170,2000-10-28,27
170,2000-11-04,36
170,2000-11-11,40
170,2000-11-18,53
170,2000-11-25,61
170,2000-12-02,69
170,2000-12-09,80
170,2000-12-16,90
170,2000-12-23,99
170,2001-01-13,100
171,1999-12-04,99
171,1999-12-11,89
171,1999-12-18,92
171,1999-12-25,84
171,2000-01-01,84
171,2000-01-08,72
171,2000-01-15,81
171,2000-01-22,81
171,2000-01-29,86
171,2000-02-05,87
171,2000-02-12,95
172,2000-11-25,79
172,2000-12-02,75
172,2000-12-09,77
172,2000-12-16,86
172,2000-12-23,86
172,2000-12-30,89
172,2001-01-20,96
172,2001-01-27,96
172,2001-02-03,96
173,2000-07-15,80
173,2000-07-22,72
173,2000-07-29,67
173,2000-08-05,60
173,2000-08-12,65
173,2000-08-19,73
173,2000-08-26,81
173,2000-09-02,86
173,2000-09-09,90
173,2000-09-16,97
174,2000-08-12,100
174,2000-08-19,99
174,2000-08-26,97
174,2000-09-02,97
174,2000-09-09,100
174,2000-09-16,95
174,2000-09-23,99
175,2000-07-29,83
175,2000-08-05,89
175,2000-08-12,57
175,2000-08-19,40
175,2000-08-26,34
175,2000-09-02,21
175,2000-09-09,33
175,2000-09-16,46
175,2000-09-23,45
175,2000-09-30,59
175,2000-10-07,67
175,2000-10-14,84
175,2000-10-21,95
176,1999-12-04,94
176,1999-12-11,88
176,1999-12-18,85
176,1999-12-25,78
176,2000-01-01,78
176,2000-01-08,73
176,2000-01-15,84
176,2000-01-22,86
176,2000-01-29,90
176,2000-02-05,97
176,2000-02-12,96
177,1999-12-04,91
177,1999-12-11,91
177,1999-12-18,90
177,1999-12-25,95
177,2000-01-01,95
177,2000-01-08,99
177,2000-01-15,96
177,2000-01-22,96
177,2000-01-29,92
177,2000-02-05,88
177,2000-02-12,89
177,2000-02-19,93
177,2000-02-26,91
177,2000-03-04,91
177,2000-03-11,89
177,2000-03-18,90
177,2000-03-25,93
177,2000-04-01,100
178,2000-11-11,77
178,2000-11-18,73
178,2000-11-25,72
178,2000-12-02,66
178,2000-12-09,65
178,2000-12-16,65
178,2000-12-23,67
178,2000-12-30,73
178,2001-01-06,74
178,2001-01-13,78
178,2001-01-20,80
178,2001-01-27,86
178,2001-02-03,86
178,2001-02-10,91
178,2001-02-17,93
178,2001-02-24,96
178,2001-03-03,100
179,1999-06-05,81
179,1999-06-12,54
179,1999-06-19,44
179,1999-06-26,39
179,1999-07-03,38
179,1999-07-10,33
179,1999-07-17,29
179,1999-07-24,29
179,1999-07-31,32
179,1999-08-07,27
179,1999-08-14,26
179,1999-08-21,24
179,1999-08-28,27
179,1999-09-04,32
179,1999-09-11,33
179,1999-09-18,35
179,1999-09-25,35
179,1999-10-02,40
179,1999-10-09,43
179,1999-10-16,50
179,1999-12-25,45
179,2000-01-01,45
179,2000-01-08,45
179,2000-01-15,23
179,2000-01-22,17
179,2000-01-29,14
179,2000-02-05,17
179,2000-02-12,18
179,2000-02-19,18
179,2000-02-26,3
179,2000-03-04,1
179,2000-03-11,1
179,2000-03-18,2
179,2000-03-25,3
179,2000-04-01,4
179,2000-04-08,4
179,2000-04-15,5
179,2000-04-22,6
179,2000-04-29,8
179,2000-05-06,9
179,2000-05-13,10
179,2000-05-20,12
179,2000-05-27,15
179,2000-06-03,20
179,2000-06-10,22
179,2000-06-17,22
179,2000-06-24,25
179,2000-07-01,26
179,2000-07-08,31
179,2000-07-15,32
179,2000-07-22,37
179,2000-07-29,42
179,2000-08-05,42
179,2000-08-12,45
179,2000-08-19,50
180,1999-12-18,89
180,1999-12-25,80
180,2000-01-01,80
180,2000-01-08,80
180,2000-01-15,65
180,2000-01-22,47
180,2000-01-29,44
180,2000-02-05,42
180,2000-02-12,39
180,2000-02-19,39
180,2000-02-26,43
180,2000-03-04,41
180,2000-03-11,43
180,2000-03-18,45
180,2000-03-25,50
180,2000-04-01,58
180,2000-04-08,67
180,2000-04-15,78
180,2000-04-22,85
180,2000-04-29,91
181,2000-06-10,78
181,2000-06-17,72
181,2000-06-24,66
181,2000-07-01,64
181,2000-07-08,56
181,2000-07-15,50
181,2000-07-22,47
181,2000-07-29,39
181,2000-08-05,37
181,2000-08-12,34
181,2000-08-19,30
181,2000-08-26,30
181,2000-09-02,35
181,2000-09-09,36
181,2000-09-16,37
181,2000-09-23,43
181,2000-09-30,54
181,2000-10-07,60
181,2000-10-14,61
181,2000-10-21,69
182,2000-02-19,79
182,2000-02-26,79
182,2000-03-04,66
182,2000-03-11,54
182,2000-03-18,54
182,2000-03-25,54
182,2000-04-01,54
182,2000-04-08,51
182,2000-04-15,61
182,2000-04-22,79
182,2000-04-29,96
182,2000-05-20,64
182,2000-05-27,74
182,2000-06-03,73
182,2000-06-10,79
182,2000-06-17,82
182,2000-06-24,96
183,2000-09-16,98
183,2000-09-23,93
183,2000-09-30,93
183,2000-10-07,93
183,2000-10-14,88
183,2000-10-21,88
183,2000-10-28,82
183,2000-11-04,81
183,2000-11-11,73
183,2000-11-18,71
183,2000-11-25,71
183,2000-12-02,72
183,2000-12-09,85
183,2000-12-16,91
184,2000-03-18,86
184,2000-03-25,73
184,2000-04-01,80
184,2000-04-08,84
184,2000-04-15,91
184,2000-04-22,97
184,2000-04-29,97
185,2000-05-20,80
185,2000-05-27,75
185,2000-06-03,63
185,2000-06-10,59
185,2000-06-17,55
185,2000-06-24,49
185,2000-07-01,42
185,2000-07-08,42
185,2000-07-15,40
185,2000-07-22,40
185,2000-07-29,36
185,2000-08-05,43
185,2000-08-12,46
185,2000-08-19,54
185,2000-08-26,72
185,2000-09-02,84
185,2000-09-09,84
185,2000-09-16,86
185,2000-09-23,92
186,2000-09-30,89
186,2000-10-07,83
186,2000-10-14,63
186,2000-10-21,55
186,2000-10-28,49
186,2000-11-04,40
186,2000-11-11,33
186,2000-11-18,32
186,2000-11-25,30
186,2000-12-02,25
186,2000-12-09,22
186,2000-12-16,21
186,2000-12-23,24
186,2000-12-30,24
186,2001-01-06,24
186,2001-01-13,27
186,2001-01-20,25
186,2001-01-27,34
186,2001-02-03,32
186,2001-02-10,35
186,2001-02-17,41
186,2001-02-24,47
187,1999-11-20,72
187,1999-11-27,53
187,1999-12-04,62
187,1999-12-11,46
187,1999-12-18,54
187,1999-12-25,44
187,2000-01-01,44
187,2000-01-08,21
187,2000-01-15,64
187,2000-01-22,92
187,2000-01-29,98
187,2000-02-05,98
188,2000-04-01,87
188,2000-04-08,87
188,2000-04-15,94
188,2000-04-22,91
188,2000-04-29,75
188,2000-05-06,68
188,2000-05-13,65
188,2000-05-20,86
188,2000-05-27,62
188,2000-06-03,70
188,2000-06-10,74
188,2000-06-17,70
188,2000-06-24,70
188,2000-07-01,80
188,2000-07-08,82
188,2000-07-15,87
188,2000-07-22,90
188,2000-07-29,96
189,2000-07-08,98
189,2000-07-15,96
189,2000-07-22,93
189,2000-07-29,93
189,2000-08-05,93
189,2000-08-12,92
189,2000-08-19,92
189,2000-08-26,92
189,2000-09-02,90
189,2000-09-09,92
189,2000-09-16,88
189,2000-09-23,88
189,2000-09-30,88
189,2000-10-07,95
189,2000-10-14,93
189,2000-10-21,98
189,2000-10-28,93
189,2000-11-04,92
189,2000-11-11,90
189,2000-11-18,97
190,2000-02-19,43
190,2000-02-26,35
190,2000-03-04,29
190,2000-03-11,29
190,2000-03-18,33
190,2000-03-25,32
190,2000-04-01,40
190,2000-04-08,58
190,2000-04-15,88
191,2000-08-12,41
191,2000-08-19,23
191,2000-08-26,18
191,2000-09-02,14
191,2000-09-09,2
191,2000-09-16,1
191,2000-09-23,1
191,2000-09-30,1
191,2000-10-07,1
191,2000-10-14,2
191,2000-10-21,2
191,2000-10-28,2
191,2000-11-04,2
191,2000-11-11,2
191,2000-11-18,4
191,2000-11-25,8
191,2000-12-02,11
191,2000-12-09,16
191,2000-12-16,20
191,2000-12-23,25
191,2000-12-30,27
191,2001-01-06,27
191,2001-01-13,29
191,2001-01-20,44
192,2000-03-11,76
192,2000-03-18,67
192,2000-03-25,71
192,2000-04-01,78
192,2000-04-08,89
193,1999-11-20,74
193,1999-11-27,66
193,1999-12-04,52
193,1999-12-11,39
193,1999-12-18,39
193,1999-12-25,39
193,2000-01-01,39
193,2000-01-08,46
193,2000-01-15,47
193,2000-01-22,54
193,2000-01-29,91
193,2000-02-05,28
193,2000-02-12,22
193,2000-02-19,33
193,2000-02-26,46
193,2000-03-04,70
193,2000-03-11,87
193,2000-03-18,93
194,2000-10-07,38
194,2000-10-14,28
194,2000-10-21,21
194,2000-10-28,21
194,2000-11-04,18
194,2000-11-11,16
194,2000-11-18,13
194,2000-11-25,13
194,2000-12-02,12
194,2000-12-09,20
194,2000-12-16,22
194,2000-12-23,29
194,2000-12-30,43
194,2001-01-06,54
194,2001-01-13,55
194,2001-01-20,73
194,2001-01-27,92
194,2001-02-03,100
195,2000-03-25,90
195,2000-04-01,76
195,2000-04-08,72
195,2000-04-15,54
195,2000-04-22,43
195,2000-04-29,37
195,2000-05-06,34
195,2000-05-13,28
195,2000-05-20,33
195,2000-05-27,30
195,2000-06-03,31
195,2000-06-10,39
195,2000-06-17,43
195,2000-06-24,53
195,2000-07-01,60
195,2000-07-08,70
195,2000-07-15,71
195,2000-07-22,76
195,2000-07-29,84
195,2000-08-05,94
196,2000-11-18,98
197,2000-02-05,79
197,2000-02-12,69
197,2000-02-19,65
197,2000-02-26,58
197,2000-03-04,53
197,2000-03-11,52
197,2000-03-18,52
197,2000-03-25,48
197,2000-04-01,45
197,2000-04-08,43
197,2000-04-15,42
197,2000-04-22,42
197,2000-04-29,50
197,2000-05-06,60
197,2000-05-13,64
197,2000-05-20,75
197,2000-05-27,91
197,2000-06-03,93
197,2000-06-10,92
197,2000-06-17,90
198,2000-09-09,79
198,2000-09-16,75
198,2000-09-23,75
198,2000-09-30,75
198,2000-10-07,73
198,2000-10-14,64
198,2000-10-21,60
198,2000-10-28,60
198,2000-11-04,60
198,2000-11-11,63
198,2000-11-18,63
198,2000-11-25,82
198,2000-12-02,92
199,2000-05-13,89
199,2000-05-20,79
199,2000-05-27,79
199,2000-06-03,72
199,2000-06-10,69
199,2000-06-17,64
199,2000-06-24,61
199,2000-07-01,57
199,2000-07-08,55
199,2000-07-15,55
199,2000-07-22,52
199,2000-07-29,51
199,2000-08-05,53
199,2000-08-12,60
199,2000-08-19,81
199,2000-08-26,84
199,2000-09-02,93
199,2000-09-09,91
199,2000-09-16,94
199,2000-09-23,100
200,1999-10-30,88
200,1999-11-06,76
200,1999-11-13,71
200,1999-11-20,71
200,1999-11-27,69
200,1999-12-04,63
200,1999-12-11,56
200,1999-12-18,51
200,1999-12-25,46
200,2000-01-01,46
200,2000-01-08,53
200,2000-01-15,43
200,2000-01-22,33
200,2000-01-29,31
200,2000-02-05,34
200,2000-02-12,41
200,2000-02-19,50
200,2000-02-26,60
200,2000-03-04,68
200,2000-03-11,71
201,1999-11-27,85
201,1999-12-04,76
201,1999-12-11,71
201,1999-12-18,64
201,1999-12-25,54
201,2000-01-01,54
201,2000-01-08,55
201,2000-01-15,46
201,2000-01-22,38
201,2000-01-29,29
201,2000-02-05,29
201,2000-02-12,33
201,2000-02-19,32
201,2000-02-26,31
201,2000-03-04,36
201,2000-03-11,38
201,2000-03-18,39
201,2000-03-25,41
201,2000-04-01,46
201,2000-04-08,49
201,2000-04-15,48
202,2000-10-21,73
202,2000-10-28,62
202,2000-11-04,56
202,2000-11-11,52
202,2000-11-18,46
202,2000-11-25,40
202,2000-12-02,36
202,2000-12-09,31
202,2000-12-16,27
202,2000-12-23,27
202,2000-12-30,28
202,2001-01-06,40
202,2001-01-13,33
202,2001-01-20,33
202,2001-01-27,39
202,2001-02-03,40
202,2001-02-10,48
202,2001-02-17,53
202,2001-02-24,58
202,2001-03-03,62
203,2000-05-13,76
203,2000-05-20,66
203,2000-05-27,66
203,2000-06-03,65
203,2000-06-10,63
203,2000-06-17,60
203,2000-06-24,60
203,2000-07-01,58
203,2000-07-08,58
203,2000-07-15,58
203,2000-07-22,58
203,2000-07-29,59
203,2000-08-05,70
203,2000-08-12,93
204,2000-02-26,95
204,2000-03-04,92
204,2000-03-11,82
204,2000-03-18,78
204,2000-03-25,76
204,2000-04-01,88
204,2000-04-08,100
204,2000-04-15,93
205,2000-01-29,83
205,2000-02-05,78
205,2000-02-12,71
205,2000-02-19,71
205,2000-02-26,66
205,2000-03-04,55
205,2000-03-11,53
205,2000-03-18,57
205,2000-03-25,61
205,2000-04-01,61
205,2000-04-08,61
205,2000-04-15,72
205,2000-04-22,93
206,2000-06-24,78
206,2000-07-01,67
206,2000-07-08,63
206,2000-07-15,54
206,2000-07-22,50
206,2000-07-29,44
206,2000-08-05,38
206,2000-08-12,30
206,2000-08-19,27
206,2000-08-26,25
206,2000-09-02,31
206,2000-09-09,28
206,2000-09-16,30
206,2000-09-23,28
206,2000-09-30,32
206,2000-10-07,35
206,2000-10-14,48
206,2000-10-21,46
206,2000-10-28,51
206,2000-11-04,59
207,2000-05-13,86
207,2000-05-20,84
207,2000-05-27,88
207,2000-06-03,81
207,2000-06-10,81
207,2000-06-17,76
207,2000-06-24,81
207,2000-07-01,81
207,2000-07-08,78
207,2000-07-15,84
207,2000-07-22,83
207,2000-07-29,82
207,2000-08-05,87
207,2000-08-12,88
207,2000-08-19,91
207,2000-08-26,94
207,2000-09-02,98
207,2000-09-09,95
207,2000-09-16,89
207,2000-09-23,95
208,2000-02-12,86
208,2000-02-19,81
208,2000-02-26,78
208,2000-03-04,76
208,2000-03-11,74
208,2000-03-18,80
208,2000-03-25,86
208,2000-04-01,93
208,2000-04-08,95
208,2000-04-15,95
209,2000-03-04,87
209,2000-03-11,83
209,2000-03-18,81
209,2000-03-25,79
209,2000-04-01,81
209,2000-04-08,96
210,2000-09-09,81
210,2000-09-16,67
210,2000-09-23,64
210,2000-09-30,56
210,2000-10-07,45
210,2000-10-14,41
210,2000-10-21,41
210,2000-10-28,35
210,2000-11-04,35
210,2000-11-11,38
210,2000-11-18,37
210,2000-11-25,42
210,2000-12-02,45
210,2000-12-09,50
210,2000-12-16,57
210,2000-12-23,63
210,2000-12-30,62
210,2001-01-06,83
210,2001-01-13,74
210,2001-01-20,74
211,2000-10-28,98
211,2000-11-04,98
211,2000-11-11,97
211,2000-11-18,90
211,2000-11-25,85
211,2000-12-02,83
211,2000-12-09,83
211,2000-12-16,97
211,2000-12-23,98
212,2000-06-17,69
212,2000-06-24,63
212,2000-07-01,54
212,2000-07-08,50
212,2000-07-15,45
212,2000-07-22,42
212,2000-07-29,31
212,2000-08-05,28
212,2000-08-12,24
212,2000-08-19,34
212,2000-08-26,42
212,2000-09-02,53
212,2000-09-09,65
212,2000-09-16,66
212,2000-09-23,77
212,2000-09-30,94
212,2000-10-07,99
212,2000-11-11,93
212,2000-11-18,91
212,2000-11-25,91
212,2000-12-02,90
212,2000-12-09,89
212,2000-12-16,86
213,2000-09-09,85
213,2000-09-16,72
213,2000-09-23,65
213,2000-09-30,49
213,2000-10-07,39
213,2000-10-14,25
213,2000-10-21,20
213,2000-10-28,10
213,2000-11-04,9
213,2000-11-11,8
213,2000-11-18,6
213,2000-11-25,5
213,2000-12-02,7
213,2000-12-09,4
213,2000-12-16,6
213,2000-12-23,7
213,2000-12-30,13
213,2001-01-06,17
213,2001-01-13,17
213,2001-01-20,23
213,2001-01-27,29
213,2001-02-03,36
214,2000-10-14,89
214,2000-10-21,83
214,2000-10-28,65
214,2000-11-04,55
214,2000-11-11,54
214,2000-11-18,54
214,2000-11-25,52
214,2000-12-02,44
214,2000-12-09,41
214,2000-12-16,34
214,2000-12-23,32
214,2000-12-30,31
214,2001-01-06,35
214,2001-01-13,34
214,2001-01-20,41
214,2001-01-27,41
214,2001-02-03,48
214,2001-02-10,54
214,2001-02-17,58
214,2001-02-24,68
215,2000-08-19,72
215,2000-08-26,57
215,2000-09-02,52
215,2000-09-09,47
215,2000-09-16,42
215,2000-09-23,31
215,2000-09-30,24
215,2000-10-07,18
215,2000-10-14,17
215,2000-10-21,17
215,2000-10-28,17
215,2000-11-04,10
215,2000-11-11,9
215,2000-11-18,9
215,2000-11-25,7
215,2000-12-02,2
215,2000-12-09,2
215,2000-12-16,2
215,2000-12-23,3
215,2000-12-30,4
215,2001-01-06,4
215,2001-01-13,4
215,2001-01-20,4
215,2001-01-27,8
215,2001-02-03,11
215,2001-02-10,15
215,2001-02-17,19
215,2001-02-24,24
215,2001-03-03,23
215,2001-03-10,35
216,2000-04-15,85
216,2000-04-22,70
216,2000-04-29,65
216,2000-05-06,62
216,2000-05-13,55
216,2000-05-20,50
216,2000-05-27,50
216,2000-06-03,56
216,2000-06-10,61
216,2000-06-17,61
216,2000-06-24,72
216,2000-07-01,84
216,2000-07-08,81
216,2000-07-15,86
216,2000-07-22,86
216,2000-07-29,94
216,2000-08-05,97
217,2000-08-12,97
217,2000-08-19,90
217,2000-08-26,65
217,2000-09-02,41
217,2000-09-09,34
217,2000-09-16,25
217,2000-09-23,22
217,2000-09-30,15
217,2000-10-07,15
217,2000-10-14,14
217,2000-10-21,14
217,2000-10-28,13
217,2000-11-04,13
217,2000-11-11,13
217,2000-11-18,17
217,2000-11-25,19
217,2000-12-02,24
217,2000-12-09,30
217,2000-12-16,42
217,2000-12-23,58
218,2000-01-29,42
218,2000-02-05,20
218,2000-02-12,19
218,2000-02-19,14
218,2000-02-26,13
218,2000-03-04,7
218,2000-03-11,6
218,2000-03-18,5
218,2000-03-25,5
218,2000-04-01,5
218,2000-04-08,5
218,2000-04-15,4
218,2000-04-22,4
218,2000-04-29,6
218,2000-05-06,6
218,2000-05-13,7
218,2000-05-20,9
218,2000-05-27,12
218,2000-06-03,18
218,2000-06-10,20
218,2000-06-17,27
218,2000-06-24,34
218,2000-07-01,40
219,2000-05-06,82
219,2000-05-13,70
219,2000-05-20,51
219,2000-05-27,39
219,2000-06-03,26
219,2000-06-10,19
219,2000-06-17,15
219,2000-06-24,9
219,2000-07-01,7
219,2000-07-08,7
219,2000-07-15,5
219,2000-07-22,4
219,2000-07-29,1
219,2000-08-05,1
219,2000-08-12,3
219,2000-08-19,4
219,2000-08-26,6
219,2000-09-02,10
219,2000-09-09,13
219,2000-09-16,15
219,2000-09-23,18
219,2000-09-30,23
219,2000-10-07,28
219,2000-10-14,38
219,2000-10-21,48
220,2000-09-30,68
220,2000-10-07,31
220,2000-10-14,19
220,2000-10-21,15
220,2000-10-28,11
220,2000-11-04,6
220,2000-11-11,7
220,2000-11-18,7
220,2000-11-25,6
220,2000-12-02,5
220,2000-12-09,6
220,2000-12-16,7
220,2000-12-23,10
220,2000-12-30,12
220,2001-01-06,11
220,2001-01-13,9
220,2001-01-20,11
220,2001-01-27,12
220,2001-02-03,20
220,2001-02-10,22
220,2001-02-17,26
220,2001-02-24,30
220,2001-03-03,30
220,2001-03-10,39
220,2001-03-17,41
220,2001-03-24,49
221,2000-03-25,74
221,2000-04-01,72
221,2000-04-08,68
221,2000-04-15,59
221,2000-04-22,59
221,2000-04-29,59
221,2000-05-06,67
221,2000-05-13,67
221,2000-05-20,63
221,2000-05-27,69
221,2000-06-03,75
221,2000-06-10,82
221,2000-06-17,79
221,2000-06-24,88
221,2000-07-01,95
221,2000-07-08,96
222,2000-04-29,100
222,2000-05-06,99
222,2000-05-13,96
222,2000-05-20,76
222,2000-05-27,55
222,2000-06-03,37
222,2000-06-10,24
222,2000-06-17,24
222,2000-06-24,30
222,2000-07-01,36
222,2000-07-08,37
222,2000-07-15,30
222,2000-07-22,23
222,2000-07-29,21
222,2000-08-05,17
222,2000-08-12,17
222,2000-08-19,15
222,2000-08-26,11
222,2000-09-02,11
222,2000-09-09,10
222,2000-09-16,7
222,2000-09-23,7
222,2000-09-30,8
222,2000-10-07,10
222,2000-10-14,11
222,2000-10-21,12
222,2000-10-28,12
222,2000-11-04,17
222,2000-11-11,19
222,2000-11-18,23
222,2000-11-25,33
222,2000-12-02,37
222,2000-12-09,36
222,2000-12-16,49
223,2000-05-27,85
223,2000-06-03,61
223,2000-06-10,46
223,2000-06-17,40
223,2000-06-24,36
223,2000-07-01,31
223,2000-07-08,25
223,2000-07-15,22
223,2000-07-22,25
223,2000-07-29,24
223,2000-08-05,21
223,2000-08-12,20
223,2000-08-19,19
223,2000-08-26,19
223,2000-09-02,8
223,2000-09-09,7
223,2000-09-16,10
223,2000-09-23,12
223,2000-09-30,21
223,2000-10-07,25
223,2000-10-14,35
224,2000-05-06,85
224,2000-05-13,71
224,2000-05-20,59
224,2000-05-27,52
224,2000-06-03,39
224,2000-06-10,34
224,2000-06-17,26
224,2000-06-24,20
224,2000-07-01,17
224,2000-07-08,13
224,2000-07-15,11
224,2000-07-22,6
224,2000-07-29,6
224,2000-08-05,8
224,2000-08-12,8
224,2000-08-19,7
224,2000-08-26,8
224,2000-09-02,9
224,2000-09-09,11
224,2000-09-16,12
224,2000-09-23,14
224,2000-09-30,18
224,2000-10-07,26
224,2000-10-14,30
224,2000-10-21,36
224,2000-10-28,41
224,2000-11-04,48
225,2000-12-02,68
225,2000-12-09,68
225,2000-12-16,81
225,2000-12-23,94
225,2000-12-30,100
226,2000-07-01,50
226,2000-07-08,40
226,2000-07-15,39
226,2000-07-22,38
226,2000-07-29,38
226,2000-08-05,48
226,2000-08-12,52
226,2000-08-19,55
226,2000-08-26,80
226,2000-09-02,85
226,2000-09-09,88
226,2000-09-16,100
226,2000-09-23,98
227,2000-06-03,97
227,2000-06-10,97
227,2000-06-17,89
227,2000-06-24,89
227,2000-07-01,94
227,2000-07-08,90
227,2000-07-15,99
227,2000-07-22,97
227,2000-07-29,98
228,2000-11-25,74
228,2000-12-02,71
228,2000-12-09,70
228,2000-12-16,70
228,2000-12-23,77
228,2000-12-30,78
228,2001-01-06,91
228,2001-01-13,89
228,2001-01-20,92
229,2000-05-13,87
229,2000-05-20,85
229,2000-05-27,90
229,2000-06-03,92
230,2000-10-14,71
230,2000-10-21,68
230,2000-10-28,52
230,2000-11-04,52
230,2000-11-11,45
230,2000-11-18,42
230,2000-11-25,39
230,2000-12-02,34
230,2000-12-09,34
230,2000-12-16,29
230,2000-12-23,36
230,2000-12-30,42
230,2001-01-06,55
230,2001-01-13,53
230,2001-01-20,57
230,2001-01-27,64
230,2001-02-03,72
230,2001-02-10,84
230,2001-02-17,83
230,2001-02-24,86
231,2000-07-29,75
231,2000-08-05,71
231,2000-08-12,69
231,2000-08-19,69
231,2000-08-26,66
231,2000-09-02,64
231,2000-09-09,61
231,2000-09-16,61
231,2000-09-23,66
231,2000-09-30,64
231,2000-10-07,63
231,2000-10-14,60
231,2000-10-21,65
231,2000-10-28,66
231,2000-11-04,62
231,2000-11-11,66
231,2000-11-18,64
231,2000-11-25,64
231,2000-12-02,57
231,2000-12-09,72
232,2000-05-13,49
232,2000-05-20,70
232,2000-05-27,84
232,2000-06-03,89
232,2000-06-10,93
232,2000-06-17,91
233,2000-08-12,85
233,2000-08-19,70
233,2000-08-26,52
233,2000-09-02,36
233,2000-09-09,27
233,2000-09-16,21
233,2000-09-23,15
233,2000-09-30,13
233,2000-10-07,12
233,2000-10-14,8
233,2000-10-21,5
233,2000-10-28,5
233,2000-11-04,5
233,2000-11-11,6
233,2000-11-18,5
233,2000-11-25,4
233,2000-12-02,6
233,2000-12-09,8
233,2000-12-16,11
233,2000-12-23,14
233,2000-12-30,14
233,2001-01-06,16
233,2001-01-13,18
233,2001-01-20,21
233,2001-01-27,26
233,2001-02-03,39
233,2001-02-10,46
234,2000-03-04,25
234,2000-03-11,15
234,2000-03-18,12
234,2000-03-25,11
234,2000-04-01,11
234,2000-04-08,7
234,2000-04-15,7
234,2000-04-22,12
234,2000-04-29,14
234,2000-05-06,15
234,2000-05-13,15
234,2000-05-20,17
234,2000-05-27,19
234,2000-06-03,16
234,2000-06-10,15
234,2000-06-17,14
234,2000-06-24,12
234,2000-07-01,10
234,2000-07-08,10
234,2000-07-15,10
234,2000-07-22,8
234,2000-07-29,9
234,2000-08-05,12
234,2000-08-12,16
234,2000-08-19,20
234,2000-08-26,22
234,2000-09-02,33
234,2000-09-09,39
234,2000-09-16,39
234,2000-09-23,41
234,2000-09-30,46
234,2000-10-07,44
235,2000-07-15,82
235,2000-07-22,69
235,2000-07-29,69
235,2000-08-05,64
235,2000-08-12,71
235,2000-08-19,79
235,2000-08-26,82
235,2000-09-02,89
236,2000-05-13,92
236,2000-05-20,91
236,2000-05-27,98
236,2000-06-03,100
237,2000-09-23,91
237,2000-09-30,91
237,2000-10-07,91
237,2000-10-14,87
237,2000-10-21,86
237,2000-10-28,79
237,2000-11-04,79
237,2000-11-11,75
237,2000-11-18,70
237,2000-11-25,68
237,2000-12-02,64
237,2000-12-09,64
237,2000-12-16,68
237,2000-12-23,70
237,2000-12-30,74
237,2001-01-06,90
237,2001-01-13,86
237,2001-01-20,85
237,2001-01-27,93
237,2001-02-03,92
238,2000-09-16,52
238,2000-09-23,32
238,2000-09-30,25
238,2000-10-07,17
238,2000-10-14,16
238,2000-10-21,16
238,2000-10-28,14
238,2000-11-04,19
238,2000-11-11,24
238,2000-11-18,33
238,2000-11-25,35
238,2000-12-02,43
238,2000-12-09,54
238,2000-12-16,61
238,2000-12-23,69
238,2000-12-30,75
238,2001-01-06,86
238,2001-01-13,81
238,2001-01-20,94
238,2001-01-27,99
239,2000-02-12,65
239,2000-02-19,59
239,2000-02-26,62
239,2000-03-04,79
239,2000-03-11,99
240,2000-01-22,71
240,2000-01-29,71
240,2000-02-05,81
240,2000-02-12,82
240,2000-02-19,96
241,1999-12-25,79
241,2000-01-01,79
241,2000-01-08,70
241,2000-01-15,62
241,2000-01-22,60
241,2000-01-29,57
241,2000-02-05,61
241,2000-02-12,66
241,2000-02-19,60
241,2000-02-26,59
241,2000-03-04,60
241,2000-03-11,63
241,2000-03-18,79
241,2000-03-25,91
242,2000-05-06,87
242,2000-05-13,78
242,2000-05-20,72
242,2000-05-27,68
242,2000-06-03,66
242,2000-06-10,64
242,2000-06-17,58
242,2000-06-24,58
242,2000-07-01,56
242,2000-07-08,54
242,2000-07-15,49
242,2000-07-22,46
242,2000-07-29,46
242,2000-08-05,41
242,2000-08-12,38
242,2000-08-19,38
242,2000-08-26,47
242,2000-09-02,65
242,2000-09-09,72
242,2000-09-16,77
243,2000-03-18,91
243,2000-03-25,85
243,2000-04-01,75
243,2000-04-08,73
243,2000-04-15,67
243,2000-04-22,63
243,2000-04-29,63
243,2000-05-06,63
243,2000-05-13,56
243,2000-05-20,49
243,2000-05-27,48
243,2000-06-03,46
243,2000-06-10,44
243,2000-06-17,44
243,2000-06-24,43
243,2000-07-01,45
243,2000-07-08,53
243,2000-07-15,66
243,2000-07-22,73
243,2000-07-29,89
244,2000-07-29,72
244,2000-08-05,72
244,2000-08-12,72
244,2000-08-19,77
244,2000-08-26,79
244,2000-09-02,77
244,2000-09-09,75
244,2000-09-16,84
244,2000-09-23,85
244,2000-09-30,79
244,2000-10-07,74
244,2000-10-14,69
244,2000-10-21,74
244,2000-10-28,75
244,2000-11-04,77
244,2000-11-11,71
244,2000-11-18,78
244,2000-11-25,89
244,2000-12-02,97
245,2000-02-12,80
245,2000-02-19,72
245,2000-02-26,65
245,2000-03-04,52
245,2000-03-11,51
245,2000-03-18,49
245,2000-03-25,40
245,2000-04-01,37
245,2000-04-08,32
245,2000-04-15,29
245,2000-04-22,29
245,2000-04-29,29
245,2000-05-06,29
245,2000-05-13,24
245,2000-05-20,18
245,2000-05-27,14
245,2000-06-03,15
245,2000-06-10,16
245,2000-06-17,19
245,2000-06-24,22
245,2000-07-01,29
245,2000-07-08,45
246,1999-10-16,71
246,1999-10-23,52
246,1999-10-30,51
246,1999-11-06,51
246,1999-11-13,51
246,1999-11-20,48
246,1999-11-27,41
246,1999-12-04,37
246,1999-12-11,29
246,1999-12-18,26
246,1999-12-25,26
246,2000-01-01,23
246,2000-01-08,30
246,2000-01-15,28
246,2000-01-22,27
246,2000-01-29,25
246,2000-02-05,31
246,2000-02-12,43
246,2000-02-19,56
246,2000-02-26,70
247,2000-09-09,82
247,2000-09-16,71
247,2000-09-23,79
247,2000-09-30,83
247,2000-10-07,96
247,2000-10-14,99
247,2000-10-21,78
247,2000-10-28,78
247,2000-11-04,83
247,2000-11-11,79
247,2000-11-18,77
247,2000-11-25,76
247,2000-12-02,79
247,2000-12-09,81
247,2000-12-16,88
247,2000-12-23,85
247,2000-12-30,86
247,2001-01-06,79
247,2001-01-13,87
247,2001-01-20,93
248,2000-05-27,77
248,2000-06-03,68
248,2000-06-10,67
248,2000-06-17,63
248,2000-06-24,59
248,2000-07-01,59
248,2000-07-08,59
248,2000-07-15,53
248,2000-07-22,51
248,2000-07-29,50
248,2000-08-05,13
248,2000-08-12,11
248,2000-08-19,11
248,2000-08-26,15
248,2000-09-02,12
248,2000-09-09,12
248,2000-09-16,13
248,2000-09-23,16
248,2000-09-30,19
248,2000-10-07,21
248,2000-10-14,21
248,2000-10-21,24
248,2000-10-28,25
248,2000-11-04,30
248,2000-11-11,41
249,2000-03-11,79
249,2000-03-18,72
249,2000-03-25,65
249,2000-04-01,65
249,2000-04-08,54
249,2000-04-15,46
249,2000-04-22,46
249,2000-04-29,43
249,2000-05-06,40
249,2000-05-13,40
249,2000-05-20,46
249,2000-05-27,54
249,2000-06-03,58
249,2000-06-10,66
249,2000-06-17,73
249,2000-06-24,82
249,2000-07-01,86
249,2000-07-08,84
249,2000-07-15,88
249,2000-07-22,91
250,2000-07-01,76
250,2000-07-08,38
250,2000-07-15,19
250,2000-07-22,17
250,2000-07-29,12
250,2000-08-05,15
250,2000-08-12,12
250,2000-08-19,10
250,2000-08-26,7
250,2000-09-02,5
250,2000-09-09,8
250,2000-09-16,8
250,2000-09-23,10
250,2000-09-30,12
250,2000-10-07,14
250,2000-10-14,15
250,2000-10-21,19
250,2000-10-28,23
250,2000-11-04,21
250,2000-11-11,18
250,2000-11-18,19
250,2000-11-25,22
250,2000-12-02,23
250,2000-12-09,24
250,2000-12-16,33
250,2000-12-23,38
251,2000-01-29,85
251,2000-02-05,68
251,2000-02-12,58
251,2000-02-19,44
251,2000-02-26,40
251,2000-03-04,33
251,2000-03-11,30
251,2000-03-18,29
251,2000-03-25,37
251,2000-04-01,29
251,2000-04-08,29
251,2000-04-15,24
251,2000-04-22,36
251,2000-04-29,46
251,2000-05-06,52
251,2000-05-13,61
251,2000-05-20,83
251,2000-05-27,93
251,2000-06-03,91
251,2000-06-10,89
252,2000-02-12,15
252,2000-02-19,8
252,2000-02-26,6
252,2000-03-04,5
252,2000-03-11,2
252,2000-03-18,3
252,2000-03-25,2
252,2000-04-01,2
252,2000-04-08,1
252,2000-04-15,1
252,2000-04-22,1
252,2000-04-29,1
252,2000-05-06,1
252,2000-05-13,1
252,2000-05-20,1
252,2000-05-27,1
252,2000-06-03,1
252,2000-06-10,1
252,2000-06-17,8
252,2000-06-24,15
252,2000-07-01,19
252,2000-07-08,21
252,2000-07-15,26
252,2000-07-22,36
252,2000-07-29,48
252,2000-08-05,47
253,2000-04-08,75
253,2000-04-15,58
253,2000-04-22,51
253,2000-04-29,36
253,2000-05-06,33
253,2000-05-13,31
253,2000-05-20,26
253,2000-05-27,24
253,2000-06-03,24
253,2000-06-10,29
253,2000-06-17,34
253,2000-06-24,39
253,2000-07-01,46
253,2000-07-08,47
253,2000-07-15,48
253,2000-07-22,49
253,2000-07-29,58
253,2000-08-05,63
253,2000-08-12,73
253,2000-08-19,87
254,1999-10-23,71
254,1999-10-30,48
254,1999-11-06,43
254,1999-11-13,31
254,1999-11-20,20
254,1999-11-27,13
254,1999-12-04,7
254,1999-12-11,6
254,1999-12-18,4
254,1999-12-25,4
254,2000-01-01,4
254,2000-01-08,6
254,2000-01-15,4
254,2000-01-22,2
254,2000-01-29,1
254,2000-02-05,1
254,2000-02-12,1
254,2000-02-19,2
254,2000-02-26,1
254,2000-03-04,2
254,2000-03-11,4
254,2000-03-18,8
254,2000-03-25,8
254,2000-04-01,12
254,2000-04-08,14
254,2000-04-15,17
254,2000-04-22,21
254,2000-04-29,24
254,2000-05-06,30
254,2000-05-13,34
254,2000-05-20,37
254,2000-05-27,46
254,2000-06-03,47
255,1999-12-25,97
255,2000-01-01,61
256,2000-07-15,78
256,2000-07-22,74
256,2000-07-29,70
256,2000-08-05,61
256,2000-08-12,59
256,2000-08-19,52
256,2000-08-26,48
256,2000-09-02,47
256,2000-09-09,45
256,2000-09-16,43
256,2000-09-23,44
256,2000-09-30,43
256,2000-10-07,52
256,2000-10-14,56
256,2000-10-21,70
256,2000-10-28,80
256,2000-11-04,86
256,2000-11-11,81
256,2000-11-18,85
256,2000-11-25,87
257,2000-02-05,82
257,2000-02-12,70
257,2000-02-19,70
257,2000-02-26,67
257,2000-03-04,57
257,2000-03-11,57
257,2000-03-18,61
257,2000-03-25,68
257,2000-04-01,82
258,2000-11-11,96
258,2000-11-18,95
258,2000-11-25,99
258,2000-12-02,99
258,2000-12-09,100
259,2000-09-09,94
259,2000-09-16,87
259,2000-09-23,90
259,2000-09-30,90
259,2000-10-07,82
259,2000-10-14,67
259,2000-10-21,61
259,2000-10-28,57
259,2000-11-04,71
259,2000-11-11,78
259,2000-11-18,74
259,2000-11-25,81
259,2000-12-02,88
259,2000-12-09,96
259,2000-12-16,100
260,2000-07-01,63
260,2000-07-08,52
260,2000-07-15,44
260,2000-07-22,29
260,2000-07-29,25
260,2000-08-05,23
260,2000-08-12,21
260,2000-08-19,21
260,2000-08-26,21
260,2000-09-02,27
260,2000-09-09,38
260,2000-09-16,38
260,2000-09-23,57
260,2000-09-30,74
260,2000-10-07,89
260,2000-10-14,96
261,2000-04-01,73
261,2000-04-08,66
261,2000-04-15,62
261,2000-04-22,62
261,2000-04-29,76
261,2000-05-06,93
262,1999-11-20,92
262,1999-11-27,76
262,1999-12-04,73
262,1999-12-11,58
262,1999-12-18,48
262,1999-12-25,48
262,2000-01-01,48
262,2000-01-08,48
262,2000-01-15,49
262,2000-01-22,40
262,2000-01-29,43
262,2000-02-05,51
262,2000-02-12,50
262,2000-02-19,57
262,2000-02-26,63
262,2000-03-04,64
262,2000-03-11,68
262,2000-03-18,82
262,2000-03-25,88
262,2000-04-01,95
263,2000-06-24,77
263,2000-07-01,66
263,2000-07-08,61
263,2000-07-15,61
263,2000-07-22,61
263,2000-07-29,55
263,2000-08-05,2
263,2000-08-12,1
263,2000-08-19,1
263,2000-08-26,2
263,2000-09-02,2
263,2000-09-09,4
263,2000-09-16,5
263,2000-09-23,5
263,2000-09-30,7
263,2000-10-07,8
263,2000-10-14,10
263,2000-10-21,10
263,2000-10-28,9
263,2000-11-04,14
263,2000-11-11,17
263,2000-11-18,20
263,2000-11-25,25
263,2000-12-02,31
263,2000-12-09,32
263,2000-12-16,46
264,2000-01-29,74
264,2000-02-05,63
264,2000-02-12,35
264,2000-02-19,26
264,2000-02-26,26
264,2000-03-04,23
264,2000-03-11,20
264,2000-03-18,16
264,2000-03-25,13
264,2000-04-01,10
264,2000-04-08,6
264,2000-04-15,6
264,2000-04-22,5
264,2000-04-29,4
264,2000-05-06,4
264,2000-05-13,4
264,2000-05-20,3
264,2000-05-27,3
264,2000-06-03,4
264,2000-06-10,3
264,2000-06-17,7
264,2000-06-24,8
264,2000-07-01,13
264,2000-07-08,17
264,2000-07-15,24
264,2000-07-22,31
264,2000-07-29,43
264,2000-08-05,46
265,2000-07-15,75
265,2000-07-22,67
265,2000-07-29,66
265,2000-08-05,59
265,2000-08-12,63
265,2000-08-19,71
265,2000-08-26,78
265,2000-09-02,81
265,2000-09-09,78
265,2000-09-16,78
265,2000-09-23,84
265,2000-09-30,87
265,2000-10-07,94
265,2000-10-14,91
265,2000-10-21,93
265,2000-10-28,95
265,2000-11-04,100
265,2000-11-11,98
265,2000-11-18,96
265,2000-11-25,98
266,1999-10-30,83
266,1999-11-06,59
266,1999-11-13,56
266,1999-11-20,46
266,1999-11-27,27
266,1999-12-04,23
266,1999-12-11,19
266,1999-12-18,16
266,1999-12-25,14
266,2000-01-01,14
266,2000-01-08,16
266,2000-01-15,15
266,2000-01-22,12
266,2000-01-29,11
266,2000-02-05,13
266,2000-02-12,17
266,2000-02-19,20
266,2000-02-26,23
266,2000-03-04,24
266,2000-03-11,25
266,2000-03-18,27
266,2000-03-25,31
266,2000-04-01,33
266,2000-04-08,35
266,2000-04-15,41
266,2000-04-22,48
267,2000-02-12,99
267,2000-02-19,99
267,2000-02-26,99
267,2000-03-04,99
268,2000-04-08,80
268,2000-04-15,80
268,2000-04-22,80
268,2000-04-29,79
268,2000-05-06,72
268,2000-05-13,73
268,2000-05-20,65
268,2000-05-27,64
268,2000-06-03,60
268,2000-06-10,60
268,2000-06-17,48
268,2000-06-24,48
268,2000-07-01,48
268,2000-07-08,43
268,2000-07-15,35
268,2000-07-22,32
268,2000-07-29,30
268,2000-08-05,32
268,2000-08-12,37
268,2000-08-19,26
268,2000-08-26,31
268,2000-09-02,28
268,2000-09-09,30
268,2000-09-16,32
268,2000-09-23,39
268,2000-09-30,35
269,2000-01-22,67
269,2000-01-29,52
269,2000-02-05,30
269,2000-02-12,23
269,2000-02-19,19
269,2000-02-26,17
269,2000-03-04,16
269,2000-03-11,16
269,2000-03-18,14
269,2000-03-25,12
269,2000-04-01,13
269,2000-04-08,13
269,2000-04-15,11
269,2000-04-22,8
269,2000-04-29,10
269,2000-05-06,10
269,2000-05-13,11
269,2000-05-20,14
269,2000-05-27,17
269,2000-06-03,19
269,2000-06-10,21
269,2000-06-17,31
269,2000-06-24,38
269,2000-07-01,49
270,2000-07-08,94
270,2000-07-15,90
270,2000-07-22,81
270,2000-07-29,64
270,2000-08-05,56
270,2000-08-12,43
270,2000-08-19,35
270,2000-08-26,27
270,2000-09-02,25
270,2000-09-09,22
270,2000-09-16,22
270,2000-09-23,27
270,2000-09-30,27
270,2000-10-07,27
270,2000-10-14,31
270,2000-10-21,31
270,2000-10-28,30
270,2000-11-04,34
270,2000-11-11,31
270,2000-11-18,34
270,2000-11-25,34
270,2000-12-02,38
270,2000-12-09,45
270,2000-12-16,50
271,2000-01-29,76
271,2000-02-05,59
271,2000-02-12,52
271,2000-02-19,52
271,2000-02-26,14
271,2000-03-04,14
271,2000-03-11,17
271,2000-03-18,24
271,2000-03-25,33
271,2000-04-01,35
271,2000-04-08,41
271,2000-04-15,45
271,2000-04-22,54
271,2000-04-29,64
271,2000-05-06,64
271,2000-05-13,81
271,2000-05-20,97
271,2000-05-27,92
271,2000-06-03,86
271,2000-06-10,90
272,2000-08-12,61
272,2000-08-19,41
272,2000-08-26,28
272,2000-09-02,26
272,2000-09-09,23
272,2000-09-16,29
272,2000-09-23,30
272,2000-09-30,40
272,2000-10-07,66
272,2000-10-14,86
272,2000-10-21,100
273,2000-04-22,67
273,2000-04-29,38
273,2000-05-06,26
273,2000-05-13,19
273,2000-05-20,15
273,2000-05-27,13
273,2000-06-03,12
273,2000-06-10,9
273,2000-06-17,9
273,2000-06-24,10
273,2000-07-01,14
273,2000-07-08,15
273,2000-07-15,17
273,2000-07-22,24
273,2000-07-29,35
273,2000-08-05,49
273,2000-08-12,77
273,2000-08-19,85
273,2000-08-26,90
273,2000-09-02,96
274,2000-03-04,95
274,2000-03-11,88
274,2000-03-18,98
275,2000-06-10,71
275,2000-06-17,66
275,2000-06-24,62
275,2000-07-01,62
275,2000-07-08,62
275,2000-07-15,64
275,2000-07-22,65
275,2000-07-29,71
275,2000-08-05,81
275,2000-08-12,89
275,2000-08-19,95
275,2000-08-26,100
276,2000-05-13,98
276,2000-05-20,88
276,2000-05-27,72
276,2000-06-03,59
276,2000-06-10,55
276,2000-06-17,52
276,2000-06-24,45
276,2000-07-01,35
276,2000-07-08,24
276,2000-07-15,21
276,2000-07-22,19
276,2000-07-29,19
276,2000-08-05,19
276,2000-08-12,19
276,2000-08-19,18
276,2000-08-26,17
276,2000-09-02,19
276,2000-09-09,19
276,2000-09-16,24
276,2000-09-23,26
276,2000-09-30,30
276,2000-10-07,32
276,2000-10-14,42
276,2000-10-21,45
276,2000-10-28,42
276,2000-11-04,49
277,2000-07-08,79
277,2000-07-15,79
277,2000-07-22,79
277,2000-07-29,78
277,2000-08-05,78
277,2000-08-12,87
277,2000-08-19,89
277,2000-08-26,88
277,2000-09-02,95
277,2000-09-09,93
277,2000-09-16,91
277,2000-09-23,94
277,2000-09-30,98
278,1999-12-25,86
278,2000-01-01,86
278,2000-01-08,74
278,2000-01-15,66
278,2000-01-22,56
278,2000-01-29,60
278,2000-02-05,56
278,2000-02-12,60
278,2000-02-19,67
278,2000-02-26,69
278,2000-03-04,63
278,2000-03-11,73
278,2000-03-18,71
278,2000-03-25,81
278,2000-04-01,89
278,2000-04-08,98
278,2000-04-15,100
279,2000-08-26,71
279,2000-09-02,67
279,2000-09-09,63
279,2000-09-16,56
279,2000-09-23,53
279,2000-09-30,48
279,2000-10-07,46
279,2000-10-14,46
279,2000-10-21,44
279,2000-10-28,40
279,2000-11-04,44
279,2000-11-11,46
279,2000-11-18,49
279,2000-11-25,56
279,2000-12-02,56
279,2000-12-09,71
279,2000-12-16,78
279,2000-12-23,88
279,2000-12-30,95
279,2001-01-13,97
280,2000-01-29,73
280,2000-02-05,64
280,2000-02-12,54
280,2000-02-19,45
280,2000-02-26,44
280,2000-03-04,44
280,2000-03-11,44
280,2000-03-18,41
280,2000-03-25,39
280,2000-04-01,34
280,2000-04-08,33
280,2000-04-15,33
280,2000-04-22,31
280,2000-04-29,33
280,2000-05-06,36
280,2000-05-13,39
280,2000-05-20,43
280,2000-05-27,49
280,2000-06-03,53
280,2000-06-10,62
281,2000-01-15,70
281,2000-01-22,64
281,2000-01-29,54
281,2000-02-05,40
281,2000-02-12,34
281,2000-02-19,29
281,2000-02-26,29
281,2000-03-04,32
281,2000-03-11,32
281,2000-03-18,37
281,2000-03-25,47
281,2000-04-01,49
281,2000-04-08,52
281,2000-04-15,60
281,2000-04-22,76
281,2000-04-29,80
281,2000-05-06,89
281,2000-05-13,97
281,2000-05-20,98
281,2000-05-27,100
282,2000-02-12,63
282,2000-02-19,55
282,2000-02-26,52
282,2000-03-04,51
282,2000-03-11,56
282,2000-03-18,74
282,2000-03-25,92
283,2000-03-25,98
283,2000-04-01,98
283,2000-04-08,92
283,2000-04-15,89
283,2000-04-22,92
283,2000-04-29,93
284,2000-09-16,90
284,2000-09-23,86
284,2000-09-30,84
284,2000-10-07,88
284,2000-10-14,97
285,2000-09-02,80
285,2000-09-09,73
285,2000-09-16,70
285,2000-09-23,70
285,2000-09-30,70
285,2000-10-07,69
285,2000-10-14,72
285,2000-10-21,79
285,2000-10-28,90
285,2000-11-04,97
285,2000-11-11,95
285,2000-11-18,93
286,2000-01-22,65
286,2000-01-29,32
286,2000-02-05,25
286,2000-02-12,24
286,2000-02-19,23
286,2000-02-26,22
286,2000-03-04,22
286,2000-03-11,21
286,2000-03-18,19
286,2000-03-25,16
286,2000-04-01,14
286,2000-04-08,16
286,2000-04-15,16
286,2000-04-22,17
286,2000-04-29,18
286,2000-05-06,21
286,2000-05-13,22
286,2000-05-20,25
286,2000-05-27,27
286,2000-06-03,33
286,2000-06-10,45
286,2000-06-17,46
287,2000-11-25,77
287,2000-12-02,63
287,2000-12-09,61
287,2000-12-16,58
287,2000-12-23,54
287,2000-12-30,47
287,2001-01-06,53
287,2001-01-13,52
287,2001-01-20,49
287,2001-01-27,52
287,2001-02-03,60
287,2001-02-10,62
287,2001-02-17,69
287,2001-02-24,69
287,2001-03-03,63
287,2001-03-10,76
287,2001-03-17,87
287,2001-03-24,82
287,2001-03-31,91
287,2001-04-07,99
288,2000-03-25,75
288,2000-04-01,64
288,2000-04-08,48
288,2000-04-15,39
288,2000-04-22,32
288,2000-04-29,28
288,2000-05-06,24
288,2000-05-13,20
288,2000-05-20,22
288,2000-05-27,21
288,2000-06-03,22
288,2000-06-10,26
288,2000-06-17,23
288,2000-06-24,24
288,2000-07-01,27
288,2000-07-08,28
288,2000-07-15,42
288,2000-07-22,44
288,2000-07-29,52
288,2000-08-05,67
289,2000-09-23,82
289,2000-09-30,82
289,2000-10-07,86
289,2000-10-14,80
289,2000-10-21,82
289,2000-10-28,83
289,2000-11-04,84
289,2000-11-11,82
289,2000-11-18,88
289,2000-11-25,94
289,2000-12-02,95
290,2000-08-26,74
290,2000-09-02,72
290,2000-09-09,66
290,2000-09-16,53
290,2000-09-23,52
290,2000-09-30,47
290,2000-10-07,47
290,2000-10-14,45
290,2000-10-21,42
290,2000-10-28,46
290,2000-11-04,51
290,2000-11-11,60
290,2000-11-18,68
290,2000-11-25,69
290,2000-12-02,78
290,2000-12-09,94
290,2000-12-16,87
290,2000-12-23,92
290,2000-12-30,97
290,2001-01-06,99
291,1999-10-09,76
291,1999-10-16,67
291,1999-10-23,59
291,1999-10-30,54
291,1999-11-06,48
291,1999-11-13,45
291,1999-11-20,40
291,1999-11-27,32
291,1999-12-04,26
291,1999-12-11,24
291,1999-12-18,22
291,1999-12-25,21
291,2000-01-01,21
291,2000-01-08,24
291,2000-01-15,21
291,2000-01-22,20
291,2000-01-29,21
291,2000-02-05,24
291,2000-02-12,28
291,2000-02-19,30
291,2000-02-26,32
291,2000-03-04,37
291,2000-03-11,37
291,2000-03-18,42
291,2000-03-25,46
291,2000-04-01,50
291,2000-04-08,50
292,2000-05-20,99
292,2000-05-27,95
292,2000-06-03,87
292,2000-06-10,87
292,2000-06-17,83
292,2000-06-24,83
292,2000-07-01,89
292,2000-07-08,87
292,2000-07-15,92
292,2000-07-22,92
292,2000-07-29,97
293,2000-09-09,97
293,2000-09-16,93
293,2000-09-23,96
293,2000-09-30,100
294,2000-08-19,97
294,2000-08-26,86
294,2000-09-02,79
294,2000-09-09,70
294,2000-09-16,63
294,2000-09-23,56
294,2000-09-30,50
294,2000-10-07,48
294,2000-10-14,51
294,2000-10-21,38
294,2000-10-28,33
294,2000-11-04,31
294,2000-11-11,28
294,2000-11-18,28
294,2000-11-25,28
294,2000-12-02,27
294,2000-12-09,29
294,2000-12-16,31
294,2000-12-23,37
294,2000-12-30,45
294,2001-01-06,49
294,2001-01-13,48
295,2000-12-30,98
295,2001-01-06,98
296,2000-07-15,81
296,2000-07-22,80
296,2000-07-29,73
296,2000-08-05,73
296,2000-08-12,67
296,2000-08-19,64
296,2000-08-26,60
296,2000-09-02,59
296,2000-09-09,53
296,2000-09-16,51
296,2000-09-23,55
296,2000-09-30,66
296,2000-10-07,84
296,2000-10-14,90
296,2000-10-21,96
296,2000-10-28,100
297,2000-11-04,68
297,2000-11-11,64
297,2000-11-18,60
297,2000-11-25,60
297,2000-12-02,62
297,2000-12-09,79
297,2000-12-16,93
298,2000-03-04,75
298,2000-03-11,67
298,2000-03-18,64
298,2000-03-25,64
298,2000-04-01,57
298,2000-04-08,53
298,2000-04-15,47
298,2000-04-22,45
298,2000-04-29,45
298,2000-05-06,50
298,2000-05-13,52
298,2000-05-20,56
298,2000-05-27,59
298,2000-06-03,78
298,2000-06-10,83
298,2000-06-17,84
298,2000-06-24,91
298,2000-07-01,96
298,2000-07-08,93
299,2000-09-30,81
299,2000-10-07,81
299,2000-10-14,76
299,2000-10-21,67
299,2000-10-28,53
299,2000-11-04,46
299,2000-11-11,43
299,2000-11-18,38
299,2000-11-25,36
299,2000-12-02,35
299,2000-12-09,43
299,2000-12-16,41
299,2000-12-23,46
299,2000-12-30,51
299,2001-01-06,62
299,2001-01-13,58
299,2001-01-20,63
299,2001-01-27,70
299,2001-02-03,74
299,2001-02-10,79
300,2000-01-22,70
300,2000-01-29,61
300,2000-02-05,53
300,2000-02-12,46
300,2000-02-19,40
300,2000-02-26,33
300,2000-03-04,31
300,2000-03-11,26
300,2000-03-18,22
300,2000-03-25,19
300,2000-04-01,17
300,2000-04-08,15
300,2000-04-15,13
300,2000-04-22,9
300,2000-04-29,9
300,2000-05-06,8
300,2000-05-13,8
300,2000-05-20,6
300,2000-05-27,7
300,2000-06-03,7
300,2000-06-10,8
300,2000-06-17,3
300,2000-06-24,3
300,2000-07-01,6
300,2000-07-08,6
300,2000-07-15,1
300,2000-07-22,2
300,2000-07-29,3
300,2000-08-05,4
300,2000-08-12,7
300,2000-08-19,9
300,2000-08-26,10
300,2000-09-02,18
300,2000-09-09,20
300,2000-09-16,27
300,2000-09-23,29
300,2000-09-30,36
300,2000-10-07,40
300,2000-10-14,50
300,2000-10-21,47
300,2000-10-28,50
301,2000-08-26,64
301,2000-09-02,55
301,2000-09-09,43
301,2000-09-16,41
301,2000-09-23,37
301,2000-09-30,31
301,2000-10-07,30
301,2000-10-14,29
301,2000-10-21,28
301,2000-10-28,26
301,2000-11-04,23
301,2000-11-11,23
301,2000-11-18,25
301,2000-11-25,32
301,2000-12-02,32
301,2000-12-09,37
301,2000-12-16,37
301,2000-12-23,41
301,2000-12-30,46
301,2001-01-06,48
301,2001-01-13,49
302,2000-04-15,81
302,2000-04-22,64
302,2000-04-29,54
302,2000-05-06,54
302,2000-05-13,46
302,2000-05-20,40
302,2000-05-27,40
302,2000-06-03,40
302,2000-06-10,38
302,2000-06-17,42
302,2000-06-24,57
302,2000-07-01,87
303,2000-12-02,86
303,2000-12-09,48
303,2000-12-16,45
303,2000-12-23,52
303,2000-12-30,57
303,2001-01-06,58
303,2001-01-13,76
303,2001-01-20,95
303,2001-01-27,100
304,1999-12-04,95
304,1999-12-11,95
304,1999-12-18,94
304,1999-12-25,94
304,2000-01-01,94
304,2000-01-08,95
304,2000-01-15,82
304,2000-01-22,74
304,2000-01-29,79
304,2000-02-05,92
304,2000-02-12,98
305,2000-04-15,73
305,2000-04-22,65
305,2000-04-29,57
305,2000-05-06,57
305,2000-05-13,51
305,2000-05-20,48
305,2000-05-27,44
305,2000-06-03,43
305,2000-06-10,40
305,2000-06-17,45
305,2000-06-24,44
305,2000-07-01,53
305,2000-07-08,57
305,2000-07-15,68
305,2000-07-22,71
305,2000-07-29,81
305,2000-08-05,90
305,2000-08-12,94
305,2000-08-19,94
305,2000-08-26,95
306,2000-10-28,73
306,2000-11-04,73
306,2000-11-11,74
306,2000-11-18,80
306,2000-11-25,90
306,2000-12-02,96
307,2000-04-01,96
307,2000-04-08,82
307,2000-04-15,66
307,2000-04-22,55
307,2000-04-29,55
307,2000-05-06,46
307,2000-05-13,44
307,2000-05-20,44
307,2000-05-27,37
307,2000-06-03,35
307,2000-06-10,32
307,2000-06-17,25
307,2000-06-24,21
307,2000-07-01,20
307,2000-07-08,20
307,2000-07-15,25
307,2000-07-22,30
307,2000-07-29,33
307,2000-08-05,45
307,2000-08-12,56
308,1999-11-20,85
308,1999-11-27,77
308,1999-12-04,69
308,1999-12-11,69
308,1999-12-18,62
308,1999-12-25,56
308,2000-01-01,56
308,2000-01-08,64
308,2000-01-15,54
308,2000-01-22,53
308,2000-01-29,72
308,2000-02-05,83
308,2000-02-12,81
308,2000-02-19,88
308,2000-02-26,96
308,2000-03-04,93
308,2000-03-11,91
308,2000-03-18,89
308,2000-03-25,95
309,2000-01-15,89
309,2000-01-22,55
309,2000-01-29,51
309,2000-02-05,43
309,2000-02-12,37
309,2000-02-19,37
309,2000-02-26,36
309,2000-03-04,39
309,2000-03-11,42
309,2000-03-18,46
309,2000-03-25,45
309,2000-04-01,52
309,2000-04-08,64
309,2000-04-15,74
309,2000-04-22,84
309,2000-04-29,90
309,2000-05-06,94
309,2000-05-13,99
310,2000-06-17,98
310,2000-06-24,88
310,2000-07-01,93
310,2000-07-08,92
310,2000-07-15,85
310,2000-07-22,85
310,2000-07-29,84
310,2000-08-05,80
310,2000-08-12,80
310,2000-08-19,80
310,2000-08-26,80
310,2000-09-02,75
310,2000-09-09,78
310,2000-09-16,86
310,2000-09-23,99
311,2000-03-04,86
311,2000-03-11,78
311,2000-03-18,75
311,2000-03-25,72
311,2000-04-01,71
311,2000-04-08,69
311,2000-04-15,64
311,2000-04-22,75
311,2000-04-29,85
311,2000-05-06,98
312,2000-04-29,86
312,2000-05-06,83
312,2000-05-13,77
312,2000-05-20,74
312,2000-05-27,83
312,2000-06-03,79
312,2000-06-10,88
312,2000-06-17,95
313,2000-04-01,85
313,2000-04-08,83
313,2000-04-15,83
313,2000-04-22,82
313,2000-04-29,81
313,2000-05-06,91
314,2000-03-18,95
314,2000-03-25,94
314,2000-04-01,91
314,2000-04-08,85
314,2000-04-15,84
314,2000-04-22,78
314,2000-04-29,74
314,2000-05-06,78
314,2000-05-13,85
314,2000-05-20,89
314,2000-05-27,97
314,2000-06-03,96
314,2000-06-10,99
314,2000-06-17,99
315,2000-09-02,99
315,2000-09-09,99
316,2000-04-29,60
316,2000-05-06,37
316,2000-05-13,29
316,2000-05-20,24
316,2000-05-27,22
316,2000-06-03,21
316,2000-06-10,18
316,2000-06-17,16
316,2000-06-24,13
316,2000-07-01,12
316,2000-07-08,8
316,2000-07-15,6
316,2000-07-22,1
316,2000-07-29,2
316,2000-08-05,3
316,2000-08-12,2
316,2000-08-19,2
316,2000-08-26,3
316,2000-09-02,4
316,2000-09-09,5
316,2000-09-16,4
316,2000-09-23,4
316,2000-09-30,6
316,2000-10-07,9
316,2000-10-14,12
316,2000-10-21,13
316,2000-10-28,19
316,2000-11-04,20
316,2000-11-11,20
316,2000-11-18,24
316,2000-11-25,29
316,2000-12-02,28
316,2000-12-09,27
316,2000-12-16,30
316,2000-12-23,33
316,2000-12-30,37
316,2001-01-06,38
316,2001-01-13,38
316,2001-01-20,48
